{"v":"4.8.0","meta":{"g":"LottieFiles AE 3.0.2","a":"","k":"","d":"","tc":""},"fr":30,"ip":0,"op":150,"w":512,"h":512,"nm":"Comp 1","ddd":0,"assets":[],"layers":[{"ddd":0,"ind":1,"ty":4,"nm":"bag","parent":5,"sr":1,"ks":{"o":{"a":0,"k":100,"ix":11},"r":{"a":0,"k":0,"ix":10},"p":{"a":1,"k":[{"i":{"x":0.52,"y":1},"o":{"x":0.48,"y":0},"t":36,"s":[41.845,-229.628,0],"to":[0,44.411,0],"ti":[0,-44.411,0]},{"t":40,"s":[41.845,36.836,0]}],"ix":2},"a":{"a":0,"k":[-63.374,362.411,0],"ix":1},"s":{"a":0,"k":[60.976,60.976,100],"ix":6}},"ao":0,"shapes":[{"ty":"gr","it":[{"ind":0,"ty":"sh","ix":1,"ks":{"a":0,"k":{"i":[[0,-3.313],[3.314,0],[0,3.313],[-3.314,0]],"o":[[0,3.313],[-3.314,0],[0,-3.313],[3.314,0]],"v":[[5.999,0],[0,6],[-5.999,0],[0,-6]],"c":true},"ix":2},"nm":"Path 1","mn":"ADBE Vector Shape - Group","hd":false},{"ty":"fl","c":{"a":0,"k":[0,0,0,1],"ix":4},"o":{"a":0,"k":100,"ix":5},"r":1,"bm":0,"nm":"Fill 1","mn":"ADBE Vector Graphic - Fill","hd":false},{"ty":"tr","p":{"a":0,"k":[-70.716,422.511],"ix":2},"a":{"a":0,"k":[0,0],"ix":1},"s":{"a":0,"k":[100,100],"ix":3},"r":{"a":0,"k":0,"ix":6},"o":{"a":0,"k":100,"ix":7},"sk":{"a":0,"k":0,"ix":4},"sa":{"a":0,"k":0,"ix":5},"nm":"Transform"}],"nm":"Group 1","np":2,"cix":2,"bm":0,"ix":1,"mn":"ADBE Vector Group","hd":false},{"ty":"gr","it":[{"ind":0,"ty":"sh","ix":1,"ks":{"a":0,"k":{"i":[[2.453,-0.402],[1.816,-2.682],[2.744,1.858],[-1.858,2.744],[-7.803,1.277],[-4.146,-1.761],[-2.142,-4.921],[3.459,-4.767],[2.488,-2.295],[0.545,-0.536],[0.222,-1.548],[-0.768,-4.537],[3.267,-0.553],[0.553,3.267],[0.019,0.111],[-0.592,4.117],[-4.002,3.941],[-1.01,0.931],[-1.607,2.215],[1.032,2.371],[1.378,0.585]],"o":[[-5.17,0.846],[-1.858,2.744],[-2.744,-1.858],[3.992,-5.895],[4.033,-0.66],[4.284,1.819],[3.324,7.635],[-2.362,3.255],[-0.785,0.724],[-2.571,2.532],[-0.289,2.011],[0.553,3.267],[-3.267,0.553],[-0.019,-0.11],[-0.669,-3.947],[0.675,-4.696],[1.106,-1.089],[2.221,-2.048],[1.986,-2.738],[-0.951,-2.185],[-1.516,-0.644]],"v":[[0.296,-19.296],[-11.534,-12.592],[-19.866,-10.988],[-21.47,-19.32],[-1.642,-31.137],[11.001,-29.886],[20.941,-19.78],[18.3,-0.819],[10.06,7.859],[8.034,9.761],[4.576,15.556],[5.384,24.496],[0.47,31.413],[-6.446,26.499],[-6.503,26.167],[-7.301,13.849],[-0.384,1.21],[2.795,-1.79],[8.588,-7.865],[9.939,-14.991],[6.311,-18.842]],"c":true},"ix":2},"nm":"Path 1","mn":"ADBE Vector Shape - Group","hd":false},{"ty":"fl","c":{"a":0,"k":[0,0,0,1],"ix":4},"o":{"a":0,"k":100,"ix":5},"r":1,"bm":0,"nm":"Fill 1","mn":"ADBE Vector Graphic - Fill","hd":false},{"ty":"tr","p":{"a":0,"k":[-72.213,376.014],"ix":2},"a":{"a":0,"k":[0,0],"ix":1},"s":{"a":0,"k":[100,100],"ix":3},"r":{"a":0,"k":0,"ix":6},"o":{"a":0,"k":100,"ix":7},"sk":{"a":0,"k":0,"ix":4},"sa":{"a":0,"k":0,"ix":5},"nm":"Transform"}],"nm":"Group 2","np":2,"cix":2,"bm":0,"ix":2,"mn":"ADBE Vector Group","hd":false},{"ty":"gr","it":[{"ind":0,"ty":"sh","ix":1,"ks":{"a":0,"k":{"i":[[-1.63,-0.296],[0.296,-1.63],[0,0],[1.63,0.296],[-0.296,1.63],[0,0]],"o":[[1.63,0.296],[0,0],[-0.296,1.63],[-1.63,-0.296],[0,0],[0.296,-1.63]],"v":[[2.037,-11.201],[4.451,-7.713],[1.452,8.786],[-2.036,11.201],[-4.451,7.713],[-1.452,-8.786]],"c":true},"ix":2},"nm":"Path 1","mn":"ADBE Vector Shape - Group","hd":false},{"ty":"fl","c":{"a":0,"k":[0,0,0,1],"ix":4},"o":{"a":0,"k":100,"ix":5},"r":1,"bm":0,"nm":"Fill 1","mn":"ADBE Vector Graphic - Fill","hd":false},{"ty":"tr","p":{"a":0,"k":[-58.717,307.768],"ix":2},"a":{"a":0,"k":[0,0],"ix":1},"s":{"a":0,"k":[100,100],"ix":3},"r":{"a":0,"k":0,"ix":6},"o":{"a":0,"k":100,"ix":7},"sk":{"a":0,"k":0,"ix":4},"sa":{"a":0,"k":0,"ix":5},"nm":"Transform"}],"nm":"Group 3","np":2,"cix":2,"bm":0,"ix":3,"mn":"ADBE Vector Group","hd":false},{"ty":"gr","it":[{"ind":0,"ty":"sh","ix":1,"ks":{"a":0,"k":{"i":[[-1.637,0.252],[-0.252,-1.637],[-0.241,-1.79],[-0.034,-0.256],[-0.344,-2.182],[-1.061,-2.653],[1.538,-0.615],[0.615,1.538],[0.699,4.435],[0.281,2.087],[0.034,0.252],[0.215,1.394]],"o":[[1.637,-0.252],[0.224,1.455],[0.034,0.252],[0.281,2.085],[0.7,4.44],[0.615,1.538],[-1.538,0.615],[-1.339,-3.346],[-0.356,-2.255],[-0.035,-0.258],[-0.242,-1.799],[-0.252,-1.637]],"v":[[-2.706,-14.964],[0.715,-12.456],[1.408,-7.514],[1.51,-6.752],[2.438,-0.28],[5.035,10.885],[3.364,14.784],[-0.536,13.113],[-3.488,0.655],[-4.435,-5.95],[-4.539,-6.716],[-5.215,-11.543]],"c":true},"ix":2},"nm":"Path 1","mn":"ADBE Vector Shape - Group","hd":false},{"ty":"fl","c":{"a":0,"k":[0,0,0,1],"ix":4},"o":{"a":0,"k":100,"ix":5},"r":1,"bm":0,"nm":"Fill 1","mn":"ADBE Vector Graphic - Fill","hd":false},{"ty":"tr","p":{"a":0,"k":[-78.966,302.519],"ix":2},"a":{"a":0,"k":[0,0],"ix":1},"s":{"a":0,"k":[100,100],"ix":3},"r":{"a":0,"k":0,"ix":6},"o":{"a":0,"k":100,"ix":7},"sk":{"a":0,"k":0,"ix":4},"sa":{"a":0,"k":0,"ix":5},"nm":"Transform"}],"nm":"Group 4","np":2,"cix":2,"bm":0,"ix":4,"mn":"ADBE Vector Group","hd":false},{"ty":"gr","it":[{"ind":0,"ty":"sh","ix":1,"ks":{"a":0,"k":{"i":[[10.4,-4.89],[8.68,0.24],[0,0],[2.31,-0.06],[3.02,-0.06],[5.87,-0.05],[0,0],[0.65,0],[1.51,0],[1.02,0],[0,0],[1,0.01],[3.81,0.04],[7.22,0.3],[4,1.22],[0.04,0.01],[1.01,0.42],[0.694,0.346],[2.218,3.677],[0,0.01],[0.48,1.18],[-7.45,21.2],[-4.74,7.64],[-0.01,0.02],[-2.46,3.13],[-1.31,1.49],[-3.36,2.83],[-8.16,2.51],[0,0],[-3.96,0],[-1.37,-0.1],[-0.38,-0.05],[-0.01,0],[-2.69,-0.72],[-2.49,-1.04],[-9.92,-13.42],[-0.89,-21.31]],"o":[[-10.48,4.93],[0,0],[-1.73,0.06],[-2.47,0.07],[-4.87,0.1],[0,0],[-0.64,0.01],[-1.47,0.01],[-1.01,0.01],[0,0],[-0.99,0],[-3.76,0],[-7.7,-0.1],[-5.47,-0.23],[-0.04,-0.02],[-1.13,-0.35],[-0.74,-0.311],[-4.327,-2.21],[-0.01,-0.01],[-0.64,-1.06],[-4.24,-10.39],[3.59,-10.22],[0.01,-0.03],[2.3,-3.69],[1.28,-1.63],[3.24,-3.66],[9,-7.59],[0.01,0],[5.04,-1.55],[1.38,0],[0.38,0.04],[0.01,-0.01],[2.77,0.28],[2.58,0.69],[13.52,5.69],[14.82,20.07],[0.51,12.37]],"v":[[63.816,59.629],[31.736,65.889],[31.546,65.889],[25.456,66.069],[17.186,66.269],[0.946,66.499],[-0.124,66.499],[-2.064,66.519],[-6.534,66.539],[-9.584,66.549],[-10.734,66.549],[-13.714,66.539],[-25.104,66.469],[-47.714,65.889],[-61.884,63.689],[-61.994,63.649],[-65.204,62.489],[-67.342,61.493],[-77.094,52.619],[-77.114,52.589],[-78.794,49.229],[-74.224,1.939],[-61.594,-24.781],[-61.564,-24.851],[-54.414,-35.071],[-50.524,-39.741],[-40.584,-49.471],[-14.224,-64.301],[-14.214,-64.301],[-0.564,-66.551],[3.566,-66.391],[4.716,-66.271],[4.736,-66.271],[12.926,-64.761],[20.526,-62.161],[56.136,-32.281],[81.156,34.519]],"c":true},"ix":2},"nm":"Path 1","mn":"ADBE Vector Shape - Group","hd":false},{"ind":1,"ty":"sh","ix":2,"ks":{"a":0,"k":{"i":[[0.37,8.96],[14.78,20.65],[0.39,0.53],[3.5,3.64],[3.98,3.03],[4.99,2.36],[0.93,0.39],[0.32,0.13],[2.47,0.66],[1.42,0.26],[2,0.18],[1.67,0],[2.17,-0.3],[2.05,-0.52],[1.05,-0.33],[2.35,-1],[0.34,-0.16],[1.13,-0.56],[12.49,-35.54],[-5.11,-12.54],[-18.63,-0.78],[-14.59,0.5],[-10,3.42],[-0.01,0],[-2.01,0.95],[-1.74,1.11],[-0.25,0.16],[-2.07,2.3]],"o":[[-0.92,-22.07],[-0.38,-0.54],[-3.04,-4.12],[-3.55,-3.71],[-4.51,-3.46],[-0.92,-0.43],[-0.32,-0.13],[-2.38,-0.96],[-1.39,-0.37],[-1.96,-0.38],[-1.64,-0.14],[-1.95,0],[-1.92,0.26],[-1.03,0.25],[-2.25,0.68],[-0.34,0.14],[-1.12,0.49],[-19.28,9.63],[-7.55,21.48],[5.3,12.97],[28.84,1.2],[7.68,0.21],[0.01,0],[2.12,-0.73],[1.87,-0.88],[0.25,-0.15],[2.61,-1.73],[4.85,-5.36]],"v":[[87.146,34.269],[62.116,-34.231],[60.956,-35.841],[51.136,-47.521],[39.836,-57.691],[25.566,-66.481],[22.786,-67.721],[21.826,-68.111],[14.546,-70.541],[10.336,-71.501],[4.396,-72.341],[-0.564,-72.551],[-6.754,-72.111],[-12.714,-70.941],[-15.824,-70.081],[-22.734,-67.571],[-23.754,-67.121],[-27.134,-65.541],[-79.884,-0.051],[-84.354,51.499],[-47.964,71.889],[31.666,71.889],[60.116,67.579],[60.146,67.569],[66.366,65.059],[71.806,62.079],[72.546,61.609],[79.626,55.579]],"c":true},"ix":2},"nm":"Path 2","mn":"ADBE Vector Shape - Group","hd":false},{"ty":"fl","c":{"a":0,"k":[0,0,0,1],"ix":4},"o":{"a":0,"k":100,"ix":5},"r":1,"bm":0,"nm":"Fill 1","mn":"ADBE Vector Graphic - Fill","hd":false},{"ty":"tr","p":{"a":0,"k":[-67.156,385.571],"ix":2},"a":{"a":0,"k":[0,0],"ix":1},"s":{"a":0,"k":[100,100],"ix":3},"r":{"a":0,"k":0,"ix":6},"o":{"a":0,"k":100,"ix":7},"sk":{"a":0,"k":0,"ix":4},"sa":{"a":0,"k":0,"ix":5},"nm":"Transform"}],"nm":"Group 5","np":3,"cix":2,"bm":0,"ix":5,"mn":"ADBE Vector Group","hd":false},{"ty":"gr","it":[{"ind":0,"ty":"sh","ix":1,"ks":{"a":0,"k":{"i":[[4.73,-6.02],[2.63,-2.66],[0.72,0.17],[1.48,0.2],[2.07,0.09],[1.95,-0.07],[1.73,-0.17],[2,-0.35],[1.06,-0.23],[1.98,-0.59],[1.73,5.66],[-1.88,8.1],[-5.39,0.37],[-1.13,-0.06],[-4.61,-1.72],[-2.81,-1.26],[-0.39,-0.18],[-2.32,-0.93],[-4.15,-0.12]],"o":[[-2.11,2.68],[-0.67,-0.2],[-1.34,-0.32],[-1.92,-0.26],[-1.88,-0.07],[-1.69,0.06],[-2.01,0.19],[-1.07,0.17],[-2.07,0.42],[-3.83,-5.29],[-1.83,-5.98],[5.74,-4.98],[1.13,-0.08],[4.57,0.22],[2.86,1.07],[0.39,0.17],[2.4,1.07],[4.12,1.64],[-0.61,8.92]],"v":[[23.613,12.541],[16.453,20.471],[14.373,19.921],[10.133,19.141],[4.133,18.621],[-1.627,18.621],[-6.767,18.971],[-12.797,19.781],[-15.997,20.381],[-22.087,21.901],[-30.677,5.781],[-31.037,-14.969],[-14.317,-22.339],[-10.927,-22.369],[2.833,-19.179],[11.323,-15.619],[12.493,-15.099],[19.613,-12.029],[32.153,-8.889]],"c":true},"ix":2},"nm":"Path 1","mn":"ADBE Vector Shape - Group","hd":false},{"ind":1,"ty":"sh","ix":2,"ks":{"a":0,"k":{"i":[[0.68,0.57],[0.88,-0.15],[5.23,2.09],[2.4,1.08],[0.4,0.18],[3.05,1.14],[3.78,0.63],[0.01,0],[2.98,-0.21],[6.92,-6.28],[0.14,-0.57],[-2.23,-7.3],[-3.87,-5.41],[-0.57,-0.76],[-1.07,0.15],[-0.17,0.06],[-2.72,0.56],[0,0],[-3.37,0.25],[-0.94,0.03],[-1.55,-0.05],[-2.71,-0.62],[-1.04,-0.39],[-0.83,0.73],[-0.05,0.05],[-0.43,0.44],[-0.23,0.24],[-0.41,0.42],[-0.2,0.21],[-1.27,1.54],[0,13.13]],"o":[[-0.67,-0.57],[-3.48,0.6],[-2.21,-0.89],[-0.39,-0.17],[-2.81,-1.25],[-3.47,-1.3],[-0.01,0],[-2.85,-0.48],[-7.02,0.49],[-0.44,0.4],[-2.38,9.5],[1.94,6.33],[0.55,0.76],[0.66,0.88],[0.18,-0.03],[2.51,-0.84],[0.01,0],[3.33,-0.68],[0.96,-0.06],[1.65,-0.06],[3.47,0.11],[1.26,0.29],[1.04,0.39],[0.05,-0.03],[0.44,-0.44],[0.24,-0.23],[0.41,-0.42],[0.2,-0.21],[1.39,-1.47],[6.41,-7.72],[0,-0.88]],"v":[[37.193,-14.379],[34.753,-15.049],[21.843,-17.599],[14.953,-20.579],[13.763,-21.109],[4.933,-24.799],[-5.957,-27.849],[-5.977,-27.849],[-14.737,-28.329],[-35.747,-18.809],[-36.637,-17.319],[-36.417,7.541],[-27.307,24.921],[-25.627,27.211],[-22.817,28.381],[-22.287,28.251],[-14.397,26.161],[-14.387,26.161],[-4.257,24.771],[-1.417,24.621],[3.393,24.601],[12.753,25.701],[16.213,26.721],[19.233,26.161],[19.383,26.031],[20.693,24.701],[21.393,24.001],[22.613,22.741],[23.223,22.101],[27.223,17.601],[38.263,-12.089]],"c":true},"ix":2},"nm":"Path 2","mn":"ADBE Vector Shape - Group","hd":false},{"ty":"fl","c":{"a":0,"k":[0,0,0,1],"ix":4},"o":{"a":0,"k":100,"ix":5},"r":1,"bm":0,"nm":"Fill 1","mn":"ADBE Vector Graphic - Fill","hd":false},{"ty":"tr","p":{"a":0,"k":[-66.983,295.109],"ix":2},"a":{"a":0,"k":[0,0],"ix":1},"s":{"a":0,"k":[100,100],"ix":3},"r":{"a":0,"k":0,"ix":6},"o":{"a":0,"k":100,"ix":7},"sk":{"a":0,"k":0,"ix":4},"sa":{"a":0,"k":0,"ix":5},"nm":"Transform"}],"nm":"Group 6","np":3,"cix":2,"bm":0,"ix":6,"mn":"ADBE Vector Group","hd":false},{"ty":"gr","it":[{"ind":0,"ty":"sh","ix":1,"ks":{"a":0,"k":{"i":[[1.09,0.04],[1.82,-0.04],[0.24,-0.01],[0.37,-0.02],[-0.64,0],[-1.81,-0.06],[-1.08,-0.02]],"o":[[-1.7,-0.06],[-0.23,0.01],[-0.36,0.01],[0.58,-0.02],[1.63,0],[1.08,0.03],[-1.03,-0.09]],"v":[[4.474,23.332],[-0.816,23.302],[-1.526,23.322],[-2.626,23.372],[-0.796,23.342],[4.414,23.442],[7.664,23.522]],"c":true},"ix":2},"nm":"Path 1","mn":"ADBE Vector Shape - Group","hd":false},{"ind":1,"ty":"sh","ix":2,"ks":{"a":0,"k":{"i":[[-1.96,7.39],[0.1,-0.37],[-2.22,-6.75]],"o":[[-0.27,0.3],[-2.49,8.73],[-1.75,-5.84]],"v":[[-38.946,-17.438],[-39.516,-16.408],[-39.476,6.512]],"c":true},"ix":2},"nm":"Path 2","mn":"ADBE Vector Shape - Group","hd":false},{"ind":2,"ty":"sh","ix":3,"ks":{"a":0,"k":{"i":[[1.13,1.12],[1.72,4.41],[-4.31,-5.2],[-0.41,-0.48],[-1.32,0.38],[-7.11,0.33],[6.99,-1.83]],"o":[[-4.7,-4.69],[2.21,6.09],[0.4,0.48],[0.84,0.97],[6.52,-1.91],[-7.23,0.24],[-1.06,-0.77]],"v":[[-27.836,23.892],[-39.086,7.652],[-28.856,24.342],[-27.646,25.782],[-24.036,26.772],[-2.946,23.382],[-24.526,26.772]],"c":true},"ix":2},"nm":"Path 3","mn":"ADBE Vector Shape - Group","hd":false},{"ind":3,"ty":"sh","ix":4,"ks":{"a":0,"k":{"i":[[0.72,0.54],[0.94,-0.14],[5.64,1.98],[2.6,1.01],[0.43,0.17],[3.29,1.09],[5.67,0.32],[0.01,0],[1.68,-0.1],[7.46,-5.95],[0.11,-0.13],[-2.29,-3.84],[-0.64,-1.33],[0,-0.5],[-1.93,-1.7],[-4.76,-2.14],[-2.51,-0.88],[1.93,-8.5],[-3.26,-2.62],[0.11,-1.9],[1.76,-1.57],[0.55,-0.12],[0.57,-0.07],[3.36,0.09],[-2.47,-0.71],[-0.33,-0.11],[-0.86,0.53],[-0.14,0.12],[0,17.11]],"o":[[-0.73,-0.54],[-3.76,0.57],[-2.38,-0.83],[-0.42,-0.17],[-3.04,-1.18],[-5.09,-1.66],[-0.01,0],[-1.64,-0.09],[-7.57,0.47],[-0.14,0.11],[6.19,-4.72],[0,0],[0.24,0.47],[0,0.72],[2.01,2.07],[2.52,1.12],[4.44,1.56],[-0.97,5.08],[2.03,1.63],[-0.06,1.17],[-0.4,0.18],[-0.48,0.1],[-2.45,0.28],[3.34,0.27],[0.35,0.1],[1.01,0.33],[0.16,-0.09],[10.9,-9.58],[0,-0.84]],"v":[[40.124,-13.628],[37.484,-14.258],[23.554,-16.678],[16.124,-19.488],[14.844,-19.998],[5.314,-23.498],[-10.886,-26.848],[-10.906,-26.848],[-15.896,-26.838],[-38.556,-17.818],[-38.936,-17.458],[-17.756,-23.748],[-15.856,-21.368],[-15.466,-19.898],[-11.466,-14.138],[-1.526,-10.068],[4.584,-7.688],[12.244,2.972],[18.684,13.542],[22.294,18.602],[19.734,22.662],[18.294,23.102],[16.724,23.352],[7.664,23.522],[16.464,25.002],[17.484,25.312],[20.464,24.982],[20.904,24.662],[41.264,-11.448]],"c":true},"ix":2},"nm":"Path 4","mn":"ADBE Vector Shape - Group","hd":false},{"ty":"fl","c":{"a":0,"k":[0.952941179276,0.713725507259,0.713725507259,1],"ix":4},"o":{"a":0,"k":100,"ix":5},"r":1,"bm":0,"nm":"Fill 1","mn":"ADBE Vector Graphic - Fill","hd":false},{"ty":"tr","p":{"a":0,"k":[-62.054,294.108],"ix":2},"a":{"a":0,"k":[0,0],"ix":1},"s":{"a":0,"k":[100,100],"ix":3},"r":{"a":0,"k":0,"ix":6},"o":{"a":0,"k":100,"ix":7},"sk":{"a":0,"k":0,"ix":4},"sa":{"a":0,"k":0,"ix":5},"nm":"Transform"}],"nm":"Group 7","np":5,"cix":2,"bm":0,"ix":7,"mn":"ADBE Vector Group","hd":false},{"ty":"gr","it":[{"ind":0,"ty":"sh","ix":1,"ks":{"a":0,"k":{"i":[[0.66,0.86],[2.33,3.22],[2.95,3.05],[3.09,1.63],[0.73,0.32],[5.77,0],[0,0],[-3.22,-1.18],[-0.43,-0.19],[-2.73,-2.82],[-0.68,-0.8],[-2.14,-2.96],[-0.24,-0.35],[-2.9,-3.69],[-0.47,-0.58],[0,0],[0,0]],"o":[[-2.85,-3.67],[-2.86,-3.97],[-2.44,-2.51],[-0.68,-0.38],[-4.02,-1.74],[0,0],[4.72,0],[0.45,0.17],[3.49,1.51],[0.7,0.72],[2.01,2.34],[0.24,0.33],[2.3,3.19],[0.45,0.57],[0,0],[0,0],[-0.71,-0.88]],"v":[[10.664,-14.022],[3.034,-24.382],[-5.476,-35.022],[-13.636,-41.312],[-15.756,-42.352],[-30.236,-45.012],[-30.236,-41.452],[-18.476,-39.622],[-17.156,-39.092],[-8.036,-32.552],[-5.956,-30.262],[0.154,-22.302],[0.884,-21.282],[8.584,-10.902],[9.954,-9.182],[11.334,-10.292],[12.724,-11.412]],"c":true},"ix":2},"nm":"Path 1","mn":"ADBE Vector Shape - Group","hd":false},{"ind":1,"ty":"sh","ix":2,"ks":{"a":0,"k":{"i":[[1.44,3.44],[2.39,2.67],[3.06,3.01],[3.71,4.6],[0,0],[0,0],[-3.15,-3.09],[-2.25,-2.52],[-1.24,-2.97],[-0.22,-4.81],[0,0],[0,0]],"o":[[-1.44,-3.45],[-2.36,-2.63],[-3.09,-3.04],[0,0],[0,0],[3.84,4.75],[3.17,3.12],[2.23,2.48],[1.25,2.97],[0,0],[0,0],[-0.24,-5.12]],"v":[[37.044,16.918],[31.214,8.028],[22.964,-0.232],[12.724,-11.412],[11.334,-10.292],[9.954,-9.182],[20.474,2.298],[28.564,10.398],[33.764,18.288],[36.024,29.658],[37.794,29.578],[39.574,29.498]],"c":true},"ix":2},"nm":"Path 2","mn":"ADBE Vector Shape - Group","hd":false},{"ind":2,"ty":"sh","ix":3,"ks":{"a":0,"k":{"i":[[-0.24,-0.35],[0.08,0.83],[1.49,1.84],[1.02,0.05],[-2.14,-2.96]],"o":[[0.34,-0.87],[-1.54,-2.13],[-0.79,-0.28],[2.01,2.34],[0.24,0.33]],"v":[[0.884,-21.282],[1.264,-23.802],[-3.236,-29.762],[-5.956,-30.262],[0.154,-22.302]],"c":true},"ix":2},"nm":"Path 3","mn":"ADBE Vector Shape - Group","hd":false},{"ind":3,"ty":"sh","ix":4,"ks":{"a":0,"k":{"i":[[0.16,3.61],[0,0],[0,0],[3.14,-3.62],[5.09,-3.55],[9.99,-1.75],[0.01,0],[0.45,-0.05],[-0.6,0.06],[0,0],[0,0],[0,0],[0,0],[0,0],[0,0],[0,0],[0,0],[-0.32,0.07],[-2.33,0.75],[-0.35,0.13],[-0.11,0.04],[-0.23,0.09],[-1.67,0.71],[-0.37,0.17],[-5.65,3.94],[-3.31,3.81]],"o":[[0,0],[0,0],[0.1,2.15],[-3.05,3.52],[-10.18,7.08],[-0.01,0],[-0.81,0.08],[0.6,-0.04],[0,0],[0,0],[0,0],[0,0],[0,0],[0,0],[0,0],[0,0],[0.32,-0.05],[2.18,-0.42],[0.35,-0.11],[0.11,-0.03],[0.23,-0.07],[1.65,-0.58],[0.37,-0.15],[6.43,-2.82],[5.25,-3.65],[3.23,-3.73]],"v":[[39.574,29.498],[37.794,29.578],[36.024,29.658],[31.544,38.458],[19.014,49.288],[-13.846,64.168],[-13.866,64.168],[-15.746,64.368],[-13.956,64.218],[-13.936,64.348],[-13.776,65.328],[-13.706,65.728],[-13.666,65.938],[-13.656,65.978],[-13.636,66.108],[-13.396,67.508],[-13.366,67.688],[-12.406,67.508],[-5.626,65.738],[-4.586,65.388],[-4.266,65.278],[-3.576,65.038],[1.404,63.098],[2.514,62.618],[21.044,52.198],[34.234,40.788]],"c":true},"ix":2},"nm":"Path 4","mn":"ADBE Vector Shape - Group","hd":false},{"ind":4,"ty":"sh","ix":5,"ks":{"a":0,"k":{"i":[[0.17,0.29],[0.1,0.05],[0.08,0.01],[0.29,0.01],[0,0],[0.12,-0.03],[0.07,-0.01],[2.63,-0.28],[7.38,-0.65],[1.49,-0.12],[1.98,-0.16],[2.01,-0.15],[0.34,-0.03],[0,0],[0,0],[0.01,0],[0.45,-0.05],[0.02,0],[0.09,-0.01],[0.15,-0.04],[0.12,-0.04],[0.23,-0.17],[0.14,-0.2],[0.04,-0.08],[0,-0.05],[-0.02,-0.23],[-0.12,-0.21],[-0.08,-0.08],[-0.1,-0.06],[-0.07,-0.02],[-0.04,-0.02],[-0.02,0],[-0.04,0],[-2.03,0.15],[-1.35,0.11],[-5.57,0.5],[-2.13,0.19],[-2.65,0.26],[-1.58,0.17],[-1.15,0.19],[-0.22,0.05],[-0.14,0.05],[-0.12,0.07],[-0.23,0.33],[-0.03,0.39]],"o":[[-0.29,-0.49],[-0.27,-0.12],[-0.23,-0.03],[0,0],[-0.06,0.01],[-0.06,0],[-1.04,0.17],[-5.24,0.56],[-1.55,0.13],[-2.23,0.2],[-3.07,0.25],[-0.4,0.03],[0,0],[0,0],[-0.01,0],[-0.81,0.08],[-0.02,0.01],[-0.12,0.01],[-0.2,0.03],[-0.03,0],[-0.04,0.01],[-0.09,0.08],[-0.06,0.09],[-0.01,0.04],[-0.04,0.18],[0.03,0.35],[0.06,0.07],[0.17,0.15],[0.09,0.04],[0.06,0.01],[0.06,0],[0.09,0.01],[0.4,0.01],[1.03,-0.08],[4.13,-0.33],[2.15,-0.19],[3,-0.27],[1.94,-0.19],[2.62,-0.28],[0.29,-0.05],[0.1,-0.03],[0.07,-0.03],[0.09,-0.05],[0.14,-0.19],[0.04,-0.41]],"v":[[34.614,60.688],[33.794,59.958],[33.184,59.788],[32.374,59.728],[32.364,59.998],[32.094,60.058],[31.894,60.088],[26.244,60.778],[5.974,62.708],[1.404,63.098],[-4.946,63.638],[-12.706,64.258],[-13.826,64.338],[-13.846,64.208],[-13.846,64.168],[-13.866,64.168],[-15.746,64.368],[-15.816,64.378],[-16.136,64.418],[-16.696,64.508],[-16.966,64.578],[-17.446,64.838],[-17.856,65.318],[-18.016,65.578],[-18.036,65.708],[-18.056,66.338],[-17.836,67.268],[-17.616,67.498],[-17.156,67.858],[-16.836,67.978],[-16.686,68.018],[-16.566,68.028],[-16.356,68.038],[-12.436,67.798],[-8.856,67.518],[6.284,66.238],[12.744,65.658],[21.314,64.848],[26.624,64.308],[32.474,63.588],[33.244,63.438],[33.624,63.328],[33.924,63.188],[34.534,62.638],[34.854,61.758]],"c":true},"ix":2},"nm":"Path 5","mn":"ADBE Vector Shape - Group","hd":false},{"ind":5,"ty":"sh","ix":6,"ks":{"a":0,"k":{"i":[[0,0],[0,0],[0,0],[0,0],[0,0],[0,0],[0,0],[0,0],[0,0],[0,0],[0,0],[0,0],[0,0],[0,0]],"o":[[0,0],[0,0],[0,0],[0,0],[0,0],[0,0],[0,0],[0,0],[0,0],[0,0],[0,0],[0,0],[0,0],[0,0]],"v":[[32.084,59.728],[32.094,60.058],[32.094,60.138],[32.144,61.508],[32.154,61.838],[32.194,63.128],[32.204,63.288],[32.284,63.288],[32.284,63.178],[32.324,61.808],[32.334,61.508],[32.364,60.008],[32.364,59.998],[32.374,59.728]],"c":true},"ix":2},"nm":"Path 6","mn":"ADBE Vector Shape - Group","hd":false},{"ind":6,"ty":"sh","ix":7,"ks":{"a":0,"k":{"i":[[0,0],[0,0],[0,0],[0,0],[0,0],[0,0],[12.46,-1.33],[2.19,-0.22],[0.28,-0.03],[3.06,-0.25],[0.03,0],[0.6,-0.04],[0.02,0],[4.46,-0.21],[3.15,-0.02],[3.05,0.07],[0,0],[0.29,0.01],[0.57,0.04],[0.27,0.02],[-0.02,0],[0,0],[0,0],[0,0],[0,0],[0,0],[0,0],[-0.69,-0.03],[-0.43,-0.01],[-0.04,0],[0,0],[-0.01,0],[-3.28,0.03],[-7.41,0.58],[-0.28,0.02],[-0.18,0.01],[-0.01,0.01],[-1.53,0.14],[-2.04,0.2],[-3.67,0.4],[-1.9,0.21],[-4.4,0.14]],"o":[[0,0],[0,0],[0,0],[0,0],[0,0],[-6.25,0.2],[-2.11,0.23],[-0.28,0.03],[-2.97,0.3],[-0.04,0.01],[-0.6,0.06],[-0.02,0.01],[-4.46,0.36],[-3.24,0.14],[-3.2,-0.04],[0,0],[-0.29,-0.01],[-0.58,-0.03],[-0.29,-0.02],[0.02,0.01],[0,0],[0,0],[0,0],[0,0],[0,0],[0,0],[0.68,0.05],[0.43,0.03],[0.04,0.01],[0,0],[0.01,0],[3.11,0.14],[7.23,-0.05],[0.28,-0.02],[0.18,-0.01],[0.01,0],[1.55,-0.12],[2.1,-0.19],[4.01,-0.4],[2.04,-0.22],[8.06,-0.9],[0,0]],"v":[[32.194,63.128],[32.154,61.838],[32.144,61.508],[32.094,60.138],[32.094,60.058],[32.084,59.728],[2.514,62.618],[-3.946,63.288],[-4.786,63.378],[-13.846,64.208],[-13.956,64.218],[-15.746,64.368],[-15.816,64.378],[-29.246,65.248],[-38.856,65.508],[-48.246,65.348],[-48.426,65.348],[-49.296,65.308],[-51.026,65.208],[-51.866,65.148],[-51.806,65.158],[-51.926,66.788],[-51.926,66.928],[-51.936,66.928],[-51.936,66.938],[-52.056,68.698],[-51.996,68.698],[-49.946,68.828],[-48.656,68.888],[-48.526,68.898],[-48.496,68.898],[-48.476,68.898],[-38.876,69.058],[-16.686,68.018],[-15.856,67.948],[-15.326,67.908],[-15.286,67.898],[-10.656,67.508],[-4.436,66.918],[7.124,65.698],[13.044,65.048],[32.204,63.288]],"c":true},"ix":2},"nm":"Path 7","mn":"ADBE Vector Shape - Group","hd":false},{"ind":7,"ty":"sh","ix":8,"ks":{"a":0,"k":{"i":[[0.02,0.01],[3.92,1.2],[0.28,0.11],[0.04,0.01],[3.15,4.42],[0,0.01],[0.59,1.33],[0,0],[0,0],[0,0],[0,0],[-10.39,-3.5],[-5.18,-0.21],[-0.04,0],[0,0],[0,0],[0,0],[0,0],[0,0],[0,0]],"o":[[-4.94,-0.39],[-0.29,-0.09],[-0.04,-0.02],[-6.89,-2.55],[-0.01,-0.01],[-0.92,-1.3],[0,0],[0,0],[0,0],[0,0],[3.18,7.12],[4.14,1.4],[0.05,0],[0,0],[0,0],[0,0],[0,0],[0,0],[0,0],[-0.02,0]],"v":[[-51.866,65.148],[-65.166,62.768],[-66.026,62.468],[-66.136,62.428],[-81.236,51.398],[-81.256,51.368],[-83.526,47.418],[-84.166,47.708],[-85.156,48.148],[-85.786,48.428],[-86.776,48.868],[-66.176,66.178],[-52.186,68.688],[-52.056,68.698],[-51.996,68.698],[-51.936,66.938],[-51.936,66.928],[-51.926,66.928],[-51.926,66.788],[-51.806,65.158]],"c":true},"ix":2},"nm":"Path 8","mn":"ADBE Vector Shape - Group","hd":false},{"ind":8,"ty":"sh","ix":9,"ks":{"a":0,"k":{"i":[[-2.6,7.42],[-0.01,0.03],[0,0],[0,0],[0.02,-0.04],[0.63,-6.23],[-2.66,-6.14],[-0.05,-0.11],[0,0],[0,0],[0,0],[0,0],[-0.89,9.08]],"o":[[0.01,-0.03],[0,0],[0,0],[-0.02,0.05],[-3.01,7.85],[-0.96,9.51],[0.05,0.12],[0,0],[0,0],[0,0],[0,0],[-2.47,-5.52],[0.79,-6.14]],"v":[[-81.426,5.308],[-81.396,5.218],[-83.056,4.578],[-84.716,3.938],[-84.766,4.078],[-90.056,25.178],[-86.926,48.528],[-86.776,48.868],[-85.786,48.428],[-85.156,48.148],[-84.166,47.708],[-83.526,47.418],[-86.536,25.668]],"c":true},"ix":2},"nm":"Path 9","mn":"ADBE Vector Shape - Group","hd":false},{"ind":9,"ty":"sh","ix":10,"ks":{"a":0,"k":{"i":[[6.95,-2.83],[0.92,-0.48],[0.8,-0.52],[0.38,-0.27],[3.53,-4.93],[0.1,-0.14],[1.16,-1.96],[0.14,-0.26],[3.37,-8.32],[0.6,-1.54],[0,0],[0,0],[0,0],[-0.01,0.02],[-3.65,6.23],[-0.14,0.23],[-1.17,1.71],[-0.06,0.09],[-0.08,0.1],[-3.15,2.23],[-10.01,0],[0,0]],"o":[[-0.93,0.36],[-0.8,0.42],[-0.39,0.24],[-3.6,2.55],[-0.1,0.13],[-1.16,1.64],[-0.15,0.25],[-3.24,5.52],[-0.59,1.44],[0,0.01],[0,0],[0,0],[0.01,-0.03],[3.96,-10.34],[0.13,-0.24],[1.12,-1.83],[0.06,-0.08],[0.07,-0.1],[3.24,-4.48],[7.89,-5.59],[0,0],[-7.56,0]],"v":[[-51.906,-42.232],[-54.666,-40.962],[-57.066,-39.552],[-58.216,-38.782],[-68.866,-27.742],[-69.156,-27.332],[-72.636,-21.932],[-73.086,-21.172],[-82.946,-0.542],[-84.716,3.928],[-84.716,3.938],[-83.056,4.578],[-81.396,5.218],[-81.366,5.148],[-69.986,-19.432],[-69.576,-20.132],[-66.136,-25.452],[-65.956,-25.712],[-65.736,-26.002],[-56.166,-35.872],[-30.236,-41.452],[-30.236,-45.012]],"c":true},"ix":2},"nm":"Path 10","mn":"ADBE Vector Shape - Group","hd":false},{"ind":10,"ty":"sh","ix":11,"ks":{"a":0,"k":{"i":[[0,0],[0,0],[0,0],[0,0],[0.52,-1.48],[0,0],[0.02,-0.04],[0.84,-6.49],[-2.96,-6.64],[0,0],[0,0],[0,0],[0,0],[-0.06,-0.11],[0,0],[-0.89,9.08],[-2.6,7.42],[-0.01,0.03],[-0.01,0.02],[-0.58,1.51]],"o":[[0,0],[0,0],[0,0],[-0.58,1.52],[0,0.01],[-0.02,0.05],[-2.64,7.55],[-1.18,9.05],[0,0],[0,0],[0,0],[0,0],[0.05,0.12],[0,0],[-2.47,-5.52],[0.79,-6.14],[0.01,-0.03],[0.01,-0.03],[0.51,-1.46],[0,0]],"v":[[-81.296,0.098],[-81.396,0.058],[-82.946,-0.542],[-83.056,-0.582],[-84.716,3.928],[-84.716,3.938],[-84.766,4.078],[-90.056,25.178],[-87.566,48.818],[-86.926,48.528],[-85.946,48.098],[-85.306,47.808],[-84.326,47.368],[-84.166,47.708],[-83.526,47.418],[-86.536,25.668],[-81.426,5.308],[-81.396,5.218],[-81.366,5.148],[-79.736,0.698]],"c":true},"ix":2},"nm":"Path 11","mn":"ADBE Vector Shape - Group","hd":false},{"ind":11,"ty":"sh","ix":12,"ks":{"a":0,"k":{"i":[[0,0],[0.29,0.01],[0.57,0.04],[0.27,0.02],[3.92,1.2],[0.28,0.11],[0.04,0.01],[3.15,4.42],[0,0.01],[0.59,1.33],[0,0],[0.05,0.12],[0,0],[0,0],[0,0],[0,0],[-10.14,-3.08],[-5.09,-0.4],[-0.04,0],[0,0],[-0.69,-0.03],[-0.43,-0.01],[-0.04,0],[0,0],[0,0],[0,0],[0,0],[0,0]],"o":[[-0.29,-0.01],[-0.58,-0.03],[-0.29,-0.02],[-4.94,-0.39],[-0.29,-0.09],[-0.04,-0.02],[-6.89,-2.55],[-0.01,-0.01],[-0.92,-1.3],[0,0],[-0.06,-0.11],[0,0],[0,0],[0,0],[0,0],[3.83,8.6],[4.21,1.28],[0.05,0],[0,0],[0.68,0.05],[0.43,0.03],[0.04,0.01],[0,0],[0,0],[0,0],[0,0],[0,0],[0,0]],"v":[[-48.426,65.348],[-49.296,65.308],[-51.026,65.208],[-51.866,65.148],[-65.166,62.768],[-66.026,62.468],[-66.136,62.428],[-81.236,51.398],[-81.256,51.368],[-83.526,47.418],[-84.166,47.708],[-84.326,47.368],[-85.306,47.808],[-85.946,48.098],[-86.926,48.528],[-87.566,48.818],[-66.176,66.178],[-52.186,68.688],[-52.056,68.698],[-51.996,68.698],[-49.946,68.828],[-48.656,68.888],[-48.526,68.898],[-48.466,67.388],[-48.466,67.378],[-48.456,67.128],[-48.456,67.118],[-48.386,65.348]],"c":true},"ix":2},"nm":"Path 12","mn":"ADBE Vector Shape - Group","hd":false},{"ind":12,"ty":"sh","ix":13,"ks":{"a":0,"k":{"i":[[0,0],[0,0],[8.03,-0.07],[1.93,-0.01],[4.42,0],[0,0],[0.65,0.01],[0,0],[0,0],[0,0],[0,0],[0,0],[0.6,-0.04],[0.02,0],[4.46,-0.21],[3.15,-0.02],[3.05,0.07],[0,0],[0,0],[0,0],[0,0],[0,0],[0,0],[-0.01,0],[-3.27,-0.04],[-13.35,0.41],[0,0]],"o":[[0,0],[-4.64,0.14],[-1.81,0.02],[-4.05,0.03],[0,0],[-0.64,0],[0,0],[0,0],[0,0],[0,0],[0,0],[-0.6,0.06],[-0.02,0.01],[-4.46,0.36],[-3.24,0.14],[-3.2,-0.04],[0,0],[0,0],[0,0],[0,0],[0,0],[0,0],[0.01,0],[3.12,0.06],[27.03,0.39],[0,0],[0,0]],"v":[[32.254,67.098],[32.204,65.328],[12.744,65.658],[7.124,65.698],[-5.626,65.738],[-8.806,65.738],[-10.746,65.728],[-13.686,65.728],[-13.726,65.328],[-13.776,65.328],[-13.936,64.348],[-13.956,64.218],[-15.746,64.368],[-15.816,64.378],[-29.246,65.248],[-38.856,65.508],[-48.246,65.348],[-48.426,65.348],[-48.456,67.118],[-48.456,67.128],[-48.466,67.128],[-48.466,67.388],[-48.496,68.898],[-48.476,68.898],[-38.876,69.058],[32.214,68.878],[32.314,68.878]],"c":true},"ix":2},"nm":"Path 13","mn":"ADBE Vector Shape - Group","hd":false},{"ind":13,"ty":"sh","ix":14,"ks":{"a":0,"k":{"i":[[0,0],[0,0],[0,0],[9.32,0.23],[0,0],[0,0],[0,0],[0,0],[0,0],[-8.58,2.01],[-0.01,0],[-3.93,1.69]],"o":[[0,0],[0,0],[-11.44,4.92],[0,0],[0,0],[0,0],[0,0],[0,0],[6.49,0.15],[0.01,0],[4.19,-0.98],[0,0]],"v":[[67.664,60.858],[67.614,60.738],[66.914,59.098],[32.304,65.318],[32.264,67.018],[32.264,67.098],[32.254,67.098],[32.214,68.878],[32.314,68.878],[55.974,66.358],[56.004,66.348],[68.314,62.368]],"c":true},"ix":2},"nm":"Path 14","mn":"ADBE Vector Shape - Group","hd":false},{"ind":14,"ty":"sh","ix":15,"ks":{"a":0,"k":{"i":[[0,0],[0,0],[0.03,-0.01]],"o":[[0,0],[-0.03,0],[0,0]],"v":[[32.264,67.018],[32.304,65.318],[32.204,65.328]],"c":true},"ix":2},"nm":"Path 15","mn":"ADBE Vector Shape - Group","hd":false},{"ind":15,"ty":"sh","ix":16,"ks":{"a":0,"k":{"i":[[-3.31,3.81],[0.16,3.61],[1.44,3.44],[2.39,2.67],[3.06,3.01],[3.71,4.6],[0.66,0.86],[2.33,3.22],[2.95,3.05],[3.09,1.63],[0.73,0.32],[5.77,0],[6.95,-2.83],[1.33,-1.42],[3.1,-4.45],[0.01,-0.03],[-3.15,2.23],[-10.01,0],[-3.22,-1.18],[-0.43,-0.19],[-2.73,-2.82],[-0.68,-0.8],[-2.14,-2.96],[-0.24,-0.35],[-2.9,-3.69],[-0.47,-0.58],[-3.15,-3.09],[-2.25,-2.52],[-1.24,-2.97],[-0.22,-4.81],[3.14,-3.62],[5.09,-3.55],[9.99,-1.75],[0.01,0],[0.45,-0.05],[-0.6,0.06],[0,0],[0,0],[0,0],[0,0],[0,0],[-0.64,0],[0,0],[-4.05,0.03],[-1.81,0.02],[-2.65,0.26],[-1.58,0.17],[-1.15,0.19],[-0.22,0.05],[-0.14,0.05],[-0.12,0.07],[-0.23,0.33],[-0.03,0.39],[0.17,0.29],[0.1,0.05],[0.08,0.01],[0.29,0.01],[0,0],[12.46,-1.33],[-5.65,3.94]],"o":[[3.23,-3.73],[-0.24,-5.12],[-1.44,-3.45],[-2.36,-2.63],[-3.09,-3.04],[-0.71,-0.88],[-2.85,-3.67],[-2.86,-3.97],[-2.44,-2.51],[-0.68,-0.38],[-4.02,-1.74],[-7.56,0],[-1.36,1.29],[-3.38,3.61],[-0.01,0.02],[3.24,-4.48],[7.89,-5.59],[4.72,0],[0.45,0.17],[3.49,1.51],[0.7,0.72],[2.01,2.34],[0.24,0.33],[2.3,3.19],[0.45,0.57],[3.84,4.75],[3.17,3.12],[2.23,2.48],[1.25,2.97],[0.1,2.15],[-3.05,3.52],[-10.18,7.08],[-0.01,0],[-0.81,0.08],[0.6,-0.04],[0,0],[0,0],[0,0],[0,0],[0,0],[0.65,0.01],[0,0],[4.42,0],[1.93,-0.01],[3,-0.27],[1.94,-0.19],[2.62,-0.28],[0.29,-0.05],[0.1,-0.03],[0.07,-0.03],[0.09,-0.05],[0.14,-0.19],[0.04,-0.41],[-0.29,-0.49],[-0.27,-0.12],[-0.23,-0.03],[0,0],[-6.25,0.2],[6.43,-2.82],[5.25,-3.65]],"v":[[34.234,40.788],[39.574,29.498],[37.044,16.918],[31.214,8.028],[22.964,-0.232],[12.724,-11.412],[10.664,-14.022],[3.034,-24.382],[-5.476,-35.022],[-13.636,-41.312],[-15.756,-42.352],[-30.236,-45.012],[-51.906,-42.232],[-55.956,-38.152],[-65.706,-26.072],[-65.736,-26.002],[-56.166,-35.872],[-30.236,-41.452],[-18.476,-39.622],[-17.156,-39.092],[-8.036,-32.552],[-5.956,-30.262],[0.154,-22.302],[0.884,-21.282],[8.584,-10.902],[9.954,-9.182],[20.474,2.298],[28.564,10.398],[33.764,18.288],[36.024,29.658],[31.544,38.458],[19.014,49.288],[-13.846,64.168],[-13.866,64.168],[-15.746,64.368],[-13.956,64.218],[-13.936,64.348],[-13.776,65.328],[-13.726,65.328],[-13.686,65.728],[-10.746,65.728],[-8.806,65.738],[-5.626,65.738],[7.124,65.698],[12.744,65.658],[21.314,64.848],[26.624,64.308],[32.474,63.588],[33.244,63.438],[33.624,63.328],[33.924,63.188],[34.534,62.638],[34.854,61.758],[34.614,60.688],[33.794,59.958],[33.184,59.788],[32.374,59.728],[32.084,59.728],[2.514,62.618],[21.044,52.198]],"c":true},"ix":2},"nm":"Path 16","mn":"ADBE Vector Shape - Group","hd":false},{"ind":16,"ty":"sh","ix":17,"ks":{"a":0,"k":{"i":[[0.72,15.69],[0,0],[0,0],[7.17,-5.09],[3.07,-1.32],[0,0],[0,0],[0,0]],"o":[[0,0],[0,0],[0.46,9.93],[-2.59,1.85],[0,0],[0,0],[0,0],[12.16,-5.23]],"v":[[90.564,31.958],[88.794,32.038],[87.014,32.118],[75.484,54.358],[66.914,59.098],[67.614,60.738],[67.664,60.858],[68.314,62.368]],"c":true},"ix":2},"nm":"Path 17","mn":"ADBE Vector Shape - Group","hd":false},{"ind":17,"ty":"sh","ix":18,"ks":{"a":0,"k":{"i":[[15.94,19.74],[0,0],[0,0],[-0.94,-20.66],[0,0],[0,0]],"o":[[0,0],[0,0],[15.54,19.25],[0,0],[0,0],[-0.98,-21.54]],"v":[[63.484,-34.412],[62.104,-33.292],[60.724,-32.182],[87.014,32.118],[88.794,32.038],[90.564,31.958]],"c":true},"ix":2},"nm":"Path 18","mn":"ADBE Vector Shape - Group","hd":false},{"ind":18,"ty":"sh","ix":19,"ks":{"a":0,"k":{"i":[[10.58,6.22],[6.66,1.79],[3.92,0.35],[1.69,0.01],[0.26,0],[0,0],[-5.46,-1.52],[-11.37,-13.08],[-0.9,-1.11],[0,0],[0,0]],"o":[[-5.96,-3.52],[-3.74,-1],[-1.66,-0.15],[-0.26,-0.01],[0,0],[5.84,0],[16,4.45],[0.94,1.07],[0,0],[0,0],[-7.82,-9.69]],"v":[[35.694,-58.912],[16.724,-66.982],[5.234,-69.022],[0.204,-69.272],[-0.576,-69.282],[-0.576,-65.722],[16.384,-63.382],[57.974,-35.452],[60.724,-32.182],[62.104,-33.292],[63.484,-34.412]],"c":true},"ix":2},"nm":"Path 19","mn":"ADBE Vector Shape - Group","hd":false},{"ind":19,"ty":"sh","ix":20,"ks":{"a":0,"k":{"i":[[9.56,-4.14],[12.44,-18.02],[0.1,-0.14],[1.13,-1.86],[0.14,-0.26],[2.91,-7.57],[0,0],[0,0],[0,0],[0,0],[0.51,-1.46],[-3.65,6.23],[-0.14,0.23],[-1.17,1.71],[-0.06,0.09],[-0.08,0.1],[-0.01,0.02],[-3.38,3.61],[-1.36,1.29],[-13.75,0],[0,0]],"o":[[-14.33,6.19],[-0.1,0.13],[-1.19,1.74],[-0.15,0.25],[-3.7,6.17],[0,0],[0,0],[0,0],[0,0],[-0.58,1.51],[3.96,-10.34],[0.13,-0.24],[1.12,-1.83],[0.06,-0.08],[0.07,-0.1],[0.01,-0.03],[3.1,-4.45],[1.33,-1.42],[17.65,-16.84],[0,0],[-7.53,0]],"v":[[-26.786,-63.302],[-68.866,-27.742],[-69.156,-27.332],[-72.636,-21.932],[-73.086,-21.172],[-83.056,-0.582],[-82.946,-0.542],[-81.396,0.058],[-81.296,0.098],[-79.736,0.698],[-81.366,5.148],[-69.986,-19.432],[-69.576,-20.132],[-66.136,-25.452],[-65.956,-25.712],[-65.736,-26.002],[-65.706,-26.072],[-55.956,-38.152],[-51.906,-42.232],[-0.576,-65.722],[-0.576,-69.282]],"c":true},"ix":2},"nm":"Path 20","mn":"ADBE Vector Shape - Group","hd":false},{"ind":20,"ty":"sh","ix":21,"ks":{"a":0,"k":{"i":[[0,0],[0,0],[0,0],[0,0],[0,0],[0,0],[0,0],[0,0],[-0.04,0.01]],"o":[[0,0],[0,0],[0,0],[0,0],[0,0],[0,0],[0,0],[0.04,-0.01],[0,0]],"v":[[-13.396,67.508],[-13.636,66.108],[-13.656,65.978],[-13.666,65.938],[-13.666,65.978],[-13.646,66.108],[-13.506,67.508],[-13.486,67.708],[-13.366,67.688]],"c":true},"ix":2},"nm":"Path 21","mn":"ADBE Vector Shape - Group","hd":false},{"ind":21,"ty":"sh","ix":22,"ks":{"a":0,"k":{"i":[[0.02,0.01],[0,0],[0,0],[0,0]],"o":[[0,0],[0,0],[0,0],[-0.02,0]],"v":[[-51.866,65.148],[-51.926,66.788],[-51.926,66.928],[-51.806,65.158]],"c":true},"ix":2},"nm":"Path 22","mn":"ADBE Vector Shape - Group","hd":false},{"ind":22,"ty":"sh","ix":23,"ks":{"a":0,"k":{"i":[[0,0],[0,0],[0,0]],"o":[[0,0],[0,0],[0,0]],"v":[[-48.526,68.898],[-48.496,68.898],[-48.466,67.388]],"c":true},"ix":2},"nm":"Path 23","mn":"ADBE Vector Shape - Group","hd":false},{"ind":23,"ty":"sh","ix":24,"ks":{"a":0,"k":{"i":[[0.03,-0.01],[0,0],[0,0]],"o":[[0,0],[0,0],[-0.03,0]],"v":[[32.204,65.328],[32.264,67.018],[32.304,65.318]],"c":true},"ix":2},"nm":"Path 24","mn":"ADBE Vector Shape - Group","hd":false},{"ty":"fl","c":{"a":0,"k":[0.952941179276,0.713725507259,0.713725507259,1],"ix":4},"o":{"a":0,"k":100,"ix":5},"r":1,"bm":0,"nm":"Fill 1","mn":"ADBE Vector Graphic - Fill","hd":false},{"ty":"tr","p":{"a":0,"k":[-63.014,386.792],"ix":2},"a":{"a":0,"k":[0,0],"ix":1},"s":{"a":0,"k":[100,100],"ix":3},"r":{"a":0,"k":0,"ix":6},"o":{"a":0,"k":100,"ix":7},"sk":{"a":0,"k":0,"ix":4},"sa":{"a":0,"k":0,"ix":5},"nm":"Transform"}],"nm":"Group 8","np":25,"cix":2,"bm":0,"ix":8,"mn":"ADBE Vector Group","hd":false},{"ty":"gr","it":[{"ind":0,"ty":"sh","ix":1,"ks":{"a":0,"k":{"i":[[-2.56,7.31],[0.64,-5.97]],"o":[[-2.89,7.56],[0.84,-6.19]],"v":[[-83.097,4.68],[-88.237,24.95]],"c":true},"ix":2},"nm":"Path 1","mn":"ADBE Vector Shape - Group","hd":false},{"ind":1,"ty":"sh","ix":2,"ks":{"a":0,"k":{"i":[[-1.2,1.75],[1.18,-1.99]],"o":[[-1.17,1.65],[1.15,-1.88]],"v":[[-67.597,-26.46],[-71.127,-21.02]],"c":true},"ix":2},"nm":"Path 2","mn":"ADBE Vector Shape - Group","hd":false},{"ind":2,"ty":"sh","ix":3,"ks":{"a":0,"k":{"i":[[-5.16,-0.2],[4.12,1.26]],"o":[[-5.09,-0.4],[4.06,1.39]],"v":[[-51.977,66.92],[-65.817,64.43]],"c":true},"ix":2},"nm":"Path 3","mn":"ADBE Vector Shape - Group","hd":false},{"ind":3,"ty":"sh","ix":4,"ks":{"a":0,"k":{"i":[[-2.78,0.02],[2.66,0.06]],"o":[[-2.77,-0.04],[2.65,0.12]],"v":[[-39.697,67.27],[-47.847,67.13]],"c":true},"ix":2},"nm":"Path 4","mn":"ADBE Vector Shape - Group","hd":false},{"ind":4,"ty":"sh","ix":5,"ks":{"a":0,"k":{"i":[[1.51,0],[0.61,-0.12],[0.37,-0.06],[0.3,-0.03],[0.18,-0.02],[-0.21,0.02],[-0.35,0.03],[0,0],[-0.97,0.09],[-1.5,0.15]],"o":[[-0.63,0.15],[-0.38,0.08],[-0.4,0.04],[-0.24,0.02],[0.21,-0.01],[0.35,-0.03],[0,0],[0.97,-0.08],[1.52,-0.14],[-1.47,0.01]],"v":[[-10.677,65.31],[-12.537,65.72],[-13.667,65.93],[-14.717,66.04],[-15.347,66.11],[-14.717,66.06],[-13.667,65.97],[-13.657,65.97],[-10.747,65.72],[-6.207,65.29]],"c":true},"ix":2},"nm":"Path 5","mn":"ADBE Vector Shape - Group","hd":false},{"ind":5,"ty":"sh","ix":6,"ks":{"a":0,"k":{"i":[[-3.18,5.43],[2.89,-7.52],[0.52,-1.48],[-0.58,1.45]],"o":[[-3.66,6.11],[-0.59,1.53],[0.59,-1.54],[3.37,-8.31]],"v":[[-71.507,-20.37],[-81.397,0.05],[-83.057,4.57],[-81.297,0.09]],"c":true},"ix":2},"nm":"Path 6","mn":"ADBE Vector Shape - Group","hd":false},{"ind":6,"ty":"sh","ix":7,"ks":{"a":0,"k":{"i":[[2.92,6.54],[0.05,0.11],[-0.97,9.31],[-2.82,-6.33],[-0.06,-0.11],[-9.53,-2.94]],"o":[[-0.05,-0.11],[-2.54,-5.86],[-1.19,8.89],[0.05,0.11],[3.58,7.76],[-9.82,-3.39]],"v":[[-85.157,48.14],[-85.307,47.8],[-88.267,25.18],[-85.947,48.09],[-85.787,48.42],[-65.877,64.41]],"c":true},"ix":2},"nm":"Path 7","mn":"ADBE Vector Shape - Group","hd":false},{"ind":7,"ty":"sh","ix":8,"ks":{"a":0,"k":{"i":[[1.14,0.08],[-1.18,-0.05],[0,0],[-0.21,0],[0.2,0.01]],"o":[[1.13,0.09],[0,0],[0.2,0],[-0.2,0],[-1.17,-0.05]],"v":[[-51.927,66.92],[-48.467,67.12],[-48.457,67.12],[-47.847,67.13],[-48.457,67.11]],"c":true},"ix":2},"nm":"Path 8","mn":"ADBE Vector Shape - Group","hd":false},{"ind":8,"ty":"sh","ix":9,"ks":{"a":0,"k":{"i":[[0.65,14.28],[15.74,19.49],[5.51,4.59],[11.63,2.93],[5.03,0.09],[0.01,-0.01],[0.38,0],[2.7,-0.4],[12.55,-9.54],[3.98,-4.25],[3.25,-4.71],[-2.93,2.3],[-0.87,0.55],[-9.46,0],[-3.84,-1.73],[-3.81,-4.74],[-1.54,-2.13],[-3.18,-4.08],[-0.57,-0.71],[-0.9,-19.85],[19.52,-6.97],[0.33,-0.11],[1.86,-0.44],[0.61,-0.12],[0.37,-0.06],[0.3,-0.03],[0.18,-0.02],[-0.21,0.02],[-0.35,0.03],[0,0],[-0.97,0.09],[-1.5,0.15],[-0.87,0.09],[-7.37,0.33],[-0.27,0.01],[0,0],[0.97,-0.17],[0.06,-0.01],[0.3,-0.03],[12.16,-1.02],[0.46,-0.04],[1.29,-0.11],[1.26,-0.09],[0,0],[0.31,-0.02],[-1.41,0.17],[0.83,-0.07],[7.02,-0.02],[-7.37,-0.04],[0,0],[-0.54,0],[0,0],[-0.58,0.01],[-0.6,0],[-8.44,0.27],[0,0],[-11.74,5.04],[-0.26,0.12]],"o":[[-0.96,-21.1],[-4.54,-5.63],[-9.4,-7.86],[-4.74,-1.19],[-0.01,0],[-0.38,-0.01],[-2.39,0],[-10.89,1.63],[-4.2,3.19],[-3.59,3.81],[2.95,-4.11],[0.86,-0.69],[8.02,-5.12],[5.76,0],[5.17,2.32],[1.49,1.84],[2.52,3.48],[0.54,0.69],[15.11,18.7],[0.45,9.82],[-0.34,0.13],[-1.96,0.67],[-0.63,0.15],[-0.38,0.08],[-0.4,0.04],[-0.24,0.02],[0.21,-0.01],[0.35,-0.03],[0,0],[0.97,-0.08],[1.52,-0.14],[0.88,-0.08],[14.58,-1.46],[0.29,-0.01],[0,0],[1.05,0.03],[-0.05,0.01],[-0.23,0.04],[-5.41,0.77],[-0.47,0.04],[-1.51,0.13],[-1.92,0.15],[0,0],[-0.39,0.03],[-1.78,0.12],[-0.84,0.07],[-7.27,0.54],[7.21,0.11],[0,0],[0.54,0.01],[0,0],[0.58,0],[0.6,0.01],[17.14,0.01],[0,0],[9.49,0.23],[0.27,-0.11],[11.51,-5.15]],"v":[[88.793,32.03],[62.103,-33.3],[46.993,-48.75],[15.263,-65.53],[0.593,-67.5],[0.573,-67.5],[-0.577,-67.51],[-8.227,-66.92],[-44.727,-50.7],[-57.067,-39.56],[-67.357,-26.8],[-58.557,-36.3],[-55.957,-38.16],[-30.237,-43.24],[-16.087,-40.56],[-3.237,-29.77],[1.263,-23.81],[9.663,-12.41],[11.333,-10.3],[37.793,29.57],[-3.947,63.28],[-4.947,63.63],[-10.677,65.31],[-12.537,65.72],[-13.667,65.93],[-14.717,66.04],[-15.347,66.11],[-14.717,66.06],[-13.667,65.97],[-13.657,65.97],[-10.747,65.72],[-6.207,65.29],[-3.577,65.03],[31.313,61.53],[32.143,61.5],[32.333,61.5],[32.323,61.8],[32.153,61.83],[31.353,61.94],[-3.197,65.27],[-4.587,65.38],[-8.807,65.73],[-13.637,66.1],[-13.647,66.1],[-14.707,66.17],[-15.557,66.13],[-18.057,66.33],[-39.697,67.27],[-17.617,67.49],[-15.137,67.49],[-13.507,67.5],[-12.407,67.5],[-10.657,67.5],[-8.857,67.51],[32.253,67.09],[32.263,67.09],[67.613,60.73],[68.403,60.38]],"c":true},"ix":2},"nm":"Path 9","mn":"ADBE Vector Shape - Group","hd":false},{"ty":"fl","c":{"a":0,"k":[0.952941179276,0.713725507259,0.713725507259,1],"ix":4},"o":{"a":0,"k":100,"ix":5},"r":1,"bm":0,"nm":"Fill 1","mn":"ADBE Vector Graphic - Fill","hd":false},{"ty":"tr","p":{"a":0,"k":[-63.013,386.8],"ix":2},"a":{"a":0,"k":[0,0],"ix":1},"s":{"a":0,"k":[100,100],"ix":3},"r":{"a":0,"k":0,"ix":6},"o":{"a":0,"k":100,"ix":7},"sk":{"a":0,"k":0,"ix":4},"sa":{"a":0,"k":0,"ix":5},"nm":"Transform"}],"nm":"Group 9","np":10,"cix":2,"bm":0,"ix":9,"mn":"ADBE Vector Group","hd":false},{"ty":"gr","it":[{"ind":0,"ty":"sh","ix":1,"ks":{"a":0,"k":{"i":[[12.16,-5.23],[4.19,-0.98],[0.01,0],[7.68,0.21],[28.84,1.2],[5.3,12.97],[-7.55,21.48],[-19.28,9.63],[1.94,6.33],[-2.38,9.5],[-0.44,0.4],[-7.02,0.49],[-2.85,-0.48],[-0.01,0],[-5.09,-1.66],[-3.04,-1.18],[-0.42,-0.17],[-2.38,-0.83],[-3.76,0.57],[-0.73,-0.54],[0,-0.84],[10.9,-9.58],[0.16,-0.09],[-4.51,-3.46],[-7.82,-9.69],[-0.98,-21.54]],"o":[[-3.93,1.69],[-0.01,0],[-10,3.42],[-14.59,0.5],[-18.63,-0.78],[-5.11,-12.54],[12.49,-35.54],[-3.87,-5.41],[-2.23,-7.3],[0.14,-0.57],[6.92,-6.28],[2.98,-0.21],[0.01,0],[5.67,0.32],[3.29,1.09],[0.43,0.17],[2.6,1.01],[5.64,1.98],[0.94,-0.14],[0.72,0.54],[0,17.11],[-0.14,0.12],[4.99,2.36],[10.58,6.22],[15.94,19.74],[0.72,15.69]],"v":[[68.674,86.749],[56.364,90.729],[56.334,90.739],[27.884,95.049],[-51.746,95.049],[-88.136,74.659],[-83.666,23.109],[-30.916,-42.381],[-40.026,-59.761],[-40.246,-84.621],[-39.356,-86.111],[-18.346,-95.631],[-9.586,-95.151],[-9.566,-95.151],[6.634,-91.801],[16.164,-88.301],[17.444,-87.791],[24.874,-84.981],[38.804,-82.561],[41.444,-81.931],[42.584,-79.751],[22.224,-43.641],[21.784,-43.321],[36.054,-34.531],[63.844,-10.031],[90.924,56.339]],"c":true},"ix":2},"nm":"Path 1","mn":"ADBE Vector Shape - Group","hd":false},{"ty":"fl","c":{"a":0,"k":[1,1,1,1],"ix":4},"o":{"a":0,"k":100,"ix":5},"r":1,"bm":0,"nm":"Fill 1","mn":"ADBE Vector Graphic - Fill","hd":false},{"ty":"tr","p":{"a":0,"k":[-63.374,362.411],"ix":2},"a":{"a":0,"k":[0,0],"ix":1},"s":{"a":0,"k":[100,100],"ix":3},"r":{"a":0,"k":0,"ix":6},"o":{"a":0,"k":100,"ix":7},"sk":{"a":0,"k":0,"ix":4},"sa":{"a":0,"k":0,"ix":5},"nm":"Transform"}],"nm":"Group 10","np":2,"cix":2,"bm":0,"ix":10,"mn":"ADBE Vector Group","hd":false}],"ip":0,"op":150,"st":0,"bm":0},{"ddd":0,"ind":2,"ty":4,"nm":"Layer 6","parent":3,"sr":1,"ks":{"o":{"a":0,"k":100,"ix":11},"r":{"a":0,"k":156.581,"ix":10},"p":{"a":0,"k":[240.293,249.206,0],"ix":2},"a":{"a":0,"k":[240.874,245.227,0],"ix":1},"s":{"a":0,"k":[105.063,105.063,100],"ix":6}},"ao":0,"shapes":[{"ty":"gr","it":[{"ty":"gr","it":[{"ind":0,"ty":"sh","ix":1,"ks":{"a":0,"k":{"i":[[0,0],[0,0]],"o":[[0,0],[0,0]],"v":[[-3.518,-5.796],[2.991,4.516]],"c":false},"ix":2},"nm":"Path 1","mn":"ADBE Vector Shape - Group","hd":false},{"ty":"st","c":{"a":0,"k":[1,1,1,1],"ix":3},"o":{"a":0,"k":100,"ix":4},"w":{"a":0,"k":4,"ix":5},"lc":1,"lj":1,"ml":10,"bm":0,"nm":"Stroke 1","mn":"ADBE Vector Graphic - Stroke","hd":false},{"ty":"tr","p":{"a":0,"k":[260.764,280.961],"ix":2},"a":{"a":0,"k":[0,0],"ix":1},"s":{"a":0,"k":[100,100],"ix":3},"r":{"a":0,"k":0,"ix":6},"o":{"a":0,"k":100,"ix":7},"sk":{"a":0,"k":0,"ix":4},"sa":{"a":0,"k":0,"ix":5},"nm":"Transform"}],"nm":"Group 1","np":2,"cix":2,"bm":0,"ix":1,"mn":"ADBE Vector Group","hd":false},{"ty":"gr","it":[{"ind":0,"ty":"sh","ix":1,"ks":{"a":0,"k":{"i":[[0,0],[0,0]],"o":[[0,0],[0,0]],"v":[[3.102,-5.194],[-2.876,5.043]],"c":false},"ix":2},"nm":"Path 1","mn":"ADBE Vector Shape - Group","hd":false},{"ty":"st","c":{"a":0,"k":[1,1,1,1],"ix":3},"o":{"a":0,"k":100,"ix":4},"w":{"a":0,"k":4,"ix":5},"lc":1,"lj":1,"ml":10,"bm":0,"nm":"Stroke 1","mn":"ADBE Vector Graphic - Stroke","hd":false},{"ty":"tr","p":{"a":0,"k":[221.21,280.961],"ix":2},"a":{"a":0,"k":[0,0],"ix":1},"s":{"a":0,"k":[100,100],"ix":3},"r":{"a":0,"k":0,"ix":6},"o":{"a":0,"k":100,"ix":7},"sk":{"a":0,"k":0,"ix":4},"sa":{"a":0,"k":0,"ix":5},"nm":"Transform"}],"nm":"Group 2","np":2,"cix":2,"bm":0,"ix":2,"mn":"ADBE Vector Group","hd":false},{"ty":"gr","it":[{"ind":0,"ty":"sh","ix":1,"ks":{"a":0,"k":{"i":[[0,0],[0,0]],"o":[[0,0],[0,0]],"v":[[4.957,0.112],[-6.087,-0.188]],"c":false},"ix":2},"nm":"Path 1","mn":"ADBE Vector Shape - Group","hd":false},{"ty":"st","c":{"a":0,"k":[1,1,1,1],"ix":3},"o":{"a":0,"k":100,"ix":4},"w":{"a":0,"k":4,"ix":5},"lc":1,"lj":1,"ml":10,"bm":0,"nm":"Stroke 1","mn":"ADBE Vector Graphic - Stroke","hd":false},{"ty":"tr","p":{"a":0,"k":[201.49,247.25],"ix":2},"a":{"a":0,"k":[0,0],"ix":1},"s":{"a":0,"k":[100,100],"ix":3},"r":{"a":0,"k":0,"ix":6},"o":{"a":0,"k":100,"ix":7},"sk":{"a":0,"k":0,"ix":4},"sa":{"a":0,"k":0,"ix":5},"nm":"Transform"}],"nm":"Group 3","np":2,"cix":2,"bm":0,"ix":3,"mn":"ADBE Vector Group","hd":false},{"ty":"gr","it":[{"ind":0,"ty":"sh","ix":1,"ks":{"a":0,"k":{"i":[[0,0],[0,0]],"o":[[0,0],[0,0]],"v":[[3.073,4.036],[-3.676,-5.015]],"c":false},"ix":2},"nm":"Path 1","mn":"ADBE Vector Shape - Group","hd":false},{"ty":"st","c":{"a":0,"k":[1,1,1,1],"ix":3},"o":{"a":0,"k":100,"ix":4},"w":{"a":0,"k":4,"ix":5},"lc":1,"lj":1,"ml":10,"bm":0,"nm":"Stroke 1","mn":"ADBE Vector Graphic - Stroke","hd":false},{"ty":"tr","p":{"a":0,"k":[220.637,212.726],"ix":2},"a":{"a":0,"k":[0,0],"ix":1},"s":{"a":0,"k":[100,100],"ix":3},"r":{"a":0,"k":0,"ix":6},"o":{"a":0,"k":100,"ix":7},"sk":{"a":0,"k":0,"ix":4},"sa":{"a":0,"k":0,"ix":5},"nm":"Transform"}],"nm":"Group 4","np":2,"cix":2,"bm":0,"ix":4,"mn":"ADBE Vector Group","hd":false},{"ty":"gr","it":[{"ind":0,"ty":"sh","ix":1,"ks":{"a":0,"k":{"i":[[0,0],[0,0]],"o":[[0,0],[0,0]],"v":[[-2.636,4.036],[3.464,-4.714]],"c":false},"ix":2},"nm":"Path 1","mn":"ADBE Vector Shape - Group","hd":false},{"ty":"st","c":{"a":0,"k":[1,1,1,1],"ix":3},"o":{"a":0,"k":100,"ix":4},"w":{"a":0,"k":4,"ix":5},"lc":1,"lj":1,"ml":10,"bm":0,"nm":"Stroke 1","mn":"ADBE Vector Graphic - Stroke","hd":false},{"ty":"tr","p":{"a":0,"k":[260.217,212.726],"ix":2},"a":{"a":0,"k":[0,0],"ix":1},"s":{"a":0,"k":[100,100],"ix":3},"r":{"a":0,"k":0,"ix":6},"o":{"a":0,"k":100,"ix":7},"sk":{"a":0,"k":0,"ix":4},"sa":{"a":0,"k":0,"ix":5},"nm":"Transform"}],"nm":"Group 5","np":2,"cix":2,"bm":0,"ix":5,"mn":"ADBE Vector Group","hd":false},{"ty":"gr","it":[{"ind":0,"ty":"sh","ix":1,"ks":{"a":0,"k":{"i":[[0,0],[0,0]],"o":[[0,0],[0,0]],"v":[[-5.674,0.015],[5.486,0]],"c":false},"ix":2},"nm":"Path 1","mn":"ADBE Vector Shape - Group","hd":false},{"ty":"st","c":{"a":0,"k":[1,1,1,1],"ix":3},"o":{"a":0,"k":100,"ix":4},"w":{"a":0,"k":4,"ix":5},"lc":1,"lj":1,"ml":10,"bm":0,"nm":"Stroke 1","mn":"ADBE Vector Graphic - Stroke","hd":false},{"ty":"tr","p":{"a":0,"k":[279.796,247.062],"ix":2},"a":{"a":0,"k":[0,0],"ix":1},"s":{"a":0,"k":[100,100],"ix":3},"r":{"a":0,"k":0,"ix":6},"o":{"a":0,"k":100,"ix":7},"sk":{"a":0,"k":0,"ix":4},"sa":{"a":0,"k":0,"ix":5},"nm":"Transform"}],"nm":"Group 6","np":2,"cix":2,"bm":0,"ix":6,"mn":"ADBE Vector Group","hd":false},{"ty":"tr","p":{"a":0,"k":[279.796,247.062],"ix":2},"a":{"a":0,"k":[279.796,247.062],"ix":1},"s":{"a":0,"k":[100,100],"ix":3},"r":{"a":0,"k":0,"ix":6},"o":{"a":0,"k":100,"ix":7},"sk":{"a":0,"k":0,"ix":4},"sa":{"a":0,"k":0,"ix":5},"nm":"Transform"}],"nm":"Group 1","np":6,"cix":2,"bm":0,"ix":1,"mn":"ADBE Vector Group","hd":false},{"ty":"gr","it":[{"ty":"gr","it":[{"ind":0,"ty":"sh","ix":1,"ks":{"a":0,"k":{"i":[[0,0],[0,0]],"o":[[0,0],[0,0]],"v":[[-7.915,4.396],[5.129,-2.966]],"c":false},"ix":2},"nm":"Path 1","mn":"ADBE Vector Shape - Group","hd":false},{"ty":"st","c":{"a":0,"k":[1,1,1,1],"ix":3},"o":{"a":0,"k":100,"ix":4},"w":{"a":0,"k":4,"ix":5},"lc":1,"lj":1,"ml":10,"bm":0,"nm":"Stroke 1","mn":"ADBE Vector Graphic - Stroke","hd":false},{"ty":"tr","p":{"a":0,"k":[205.935,266.135],"ix":2},"a":{"a":0,"k":[0,0],"ix":1},"s":{"a":0,"k":[100,100],"ix":3},"r":{"a":0,"k":0,"ix":6},"o":{"a":0,"k":100,"ix":7},"sk":{"a":0,"k":0,"ix":4},"sa":{"a":0,"k":0,"ix":5},"nm":"Transform"}],"nm":"Group 1","np":2,"cix":2,"bm":0,"ix":1,"mn":"ADBE Vector Group","hd":false},{"ty":"gr","it":[{"ind":0,"ty":"sh","ix":1,"ks":{"a":0,"k":{"i":[[0,0],[0,0]],"o":[[0,0],[0,0]],"v":[[-7.664,-4.608],[6.309,3.855]],"c":false},"ix":2},"nm":"Path 1","mn":"ADBE Vector Shape - Group","hd":false},{"ty":"st","c":{"a":0,"k":[1,1,1,1],"ix":3},"o":{"a":0,"k":100,"ix":4},"w":{"a":0,"k":4,"ix":5},"lc":1,"lj":1,"ml":10,"bm":0,"nm":"Stroke 1","mn":"ADBE Vector Graphic - Stroke","hd":false},{"ty":"tr","p":{"a":0,"k":[204.551,225.51],"ix":2},"a":{"a":0,"k":[0,0],"ix":1},"s":{"a":0,"k":[100,100],"ix":3},"r":{"a":0,"k":0,"ix":6},"o":{"a":0,"k":100,"ix":7},"sk":{"a":0,"k":0,"ix":4},"sa":{"a":0,"k":0,"ix":5},"nm":"Transform"}],"nm":"Group 2","np":2,"cix":2,"bm":0,"ix":2,"mn":"ADBE Vector Group","hd":false},{"ty":"gr","it":[{"ty":"gr","it":[{"ind":0,"ty":"sh","ix":1,"ks":{"a":0,"k":{"i":[[1.429,2.68],[2.308,-1.23],[0,0],[-1.429,-2.68],[-2.308,1.23],[0,0]],"o":[[-1.429,-2.68],[0,0],[-2.308,1.23],[1.429,2.68],[0,0],[2.308,-1.23]],"v":[[10.472,-5.407],[7.04,-9.602],[-10.424,-0.29],[-12.014,6.791],[-5.248,9.416],[11.733,-0.261]],"c":true},"ix":2},"nm":"Path 1","mn":"ADBE Vector Shape - Group","hd":false},{"ty":"fl","c":{"a":0,"k":[1,1,1,1],"ix":4},"o":{"a":0,"k":100,"ix":5},"r":1,"bm":0,"nm":"Fill 1","mn":"ADBE Vector Graphic - Fill","hd":false},{"ty":"tr","p":{"a":0,"k":[0,0],"ix":2},"a":{"a":0,"k":[0,0],"ix":1},"s":{"a":0,"k":[100,100],"ix":3},"r":{"a":0,"k":0,"ix":6},"o":{"a":0,"k":100,"ix":7},"sk":{"a":0,"k":0,"ix":4},"sa":{"a":0,"k":0,"ix":5},"nm":"Transform"}],"nm":"Group 1","np":2,"cix":2,"bm":0,"ix":1,"mn":"ADBE Vector Group","hd":false},{"ty":"tr","p":{"a":0,"k":[191.018,274.011],"ix":2},"a":{"a":0,"k":[0,0],"ix":1},"s":{"a":0,"k":[100,100],"ix":3},"r":{"a":0,"k":0,"ix":6},"o":{"a":0,"k":100,"ix":7},"sk":{"a":0,"k":0,"ix":4},"sa":{"a":0,"k":0,"ix":5},"nm":"Transform"}],"nm":"Group 3","np":1,"cix":2,"bm":0,"ix":3,"mn":"ADBE Vector Group","hd":false},{"ty":"gr","it":[{"ty":"gr","it":[{"ind":0,"ty":"sh","ix":1,"ks":{"a":0,"k":{"i":[[-1.613,2.574],[2.216,1.389],[0,0],[1.613,-2.574],[-2.216,-1.389],[0,0]],"o":[[1.613,-2.574],[0,0],[-2.216,-1.389],[-1.613,2.574],[0,0],[2.216,1.389]],"v":[[10.503,6.341],[12.801,1.29],[-5.72,-10.319],[-12.653,-8.174],[-11.562,-0.999],[6.959,10.611]],"c":true},"ix":2},"nm":"Path 1","mn":"ADBE Vector Shape - Group","hd":false},{"ty":"fl","c":{"a":0,"k":[1,1,1,1],"ix":4},"o":{"a":0,"k":100,"ix":5},"r":1,"bm":0,"nm":"Fill 1","mn":"ADBE Vector Graphic - Fill","hd":false},{"ty":"tr","p":{"a":0,"k":[0,0],"ix":2},"a":{"a":0,"k":[0,0],"ix":1},"s":{"a":0,"k":[100,100],"ix":3},"r":{"a":0,"k":0,"ix":6},"o":{"a":0,"k":100,"ix":7},"sk":{"a":0,"k":0,"ix":4},"sa":{"a":0,"k":0,"ix":5},"nm":"Transform"}],"nm":"Group 1","np":2,"cix":2,"bm":0,"ix":1,"mn":"ADBE Vector Group","hd":false},{"ty":"tr","p":{"a":0,"k":[190.904,217.211],"ix":2},"a":{"a":0,"k":[0,0],"ix":1},"s":{"a":0,"k":[100,100],"ix":3},"r":{"a":0,"k":0,"ix":6},"o":{"a":0,"k":100,"ix":7},"sk":{"a":0,"k":0,"ix":4},"sa":{"a":0,"k":0,"ix":5},"nm":"Transform"}],"nm":"Group 4","np":1,"cix":2,"bm":0,"ix":4,"mn":"ADBE Vector Group","hd":false},{"ty":"gr","it":[{"ind":0,"ty":"sh","ix":1,"ks":{"a":0,"k":{"i":[[0,0],[0,0]],"o":[[0,0],[0,0]],"v":[[7.574,4.185],[-8.026,-4.562]],"c":false},"ix":2},"nm":"Path 1","mn":"ADBE Vector Shape - Group","hd":false},{"ty":"st","c":{"a":0,"k":[1,1,1,1],"ix":3},"o":{"a":0,"k":100,"ix":4},"w":{"a":0,"k":4,"ix":5},"lc":1,"lj":1,"ml":10,"bm":0,"nm":"Stroke 1","mn":"ADBE Vector Graphic - Stroke","hd":false},{"ty":"tr","p":{"a":0,"k":[276.879,268.594],"ix":2},"a":{"a":0,"k":[0,0],"ix":1},"s":{"a":0,"k":[100,100],"ix":3},"r":{"a":0,"k":0,"ix":6},"o":{"a":0,"k":100,"ix":7},"sk":{"a":0,"k":0,"ix":4},"sa":{"a":0,"k":0,"ix":5},"nm":"Transform"}],"nm":"Group 5","np":2,"cix":2,"bm":0,"ix":5,"mn":"ADBE Vector Group","hd":false},{"ty":"gr","it":[{"ind":0,"ty":"sh","ix":1,"ks":{"a":0,"k":{"i":[[0,0],[0,0]],"o":[[0,0],[0,0]],"v":[[7.664,-4.608],[-6.459,4.638]],"c":false},"ix":2},"nm":"Path 1","mn":"ADBE Vector Shape - Group","hd":false},{"ty":"st","c":{"a":0,"k":[1,1,1,1],"ix":3},"o":{"a":0,"k":100,"ix":4},"w":{"a":0,"k":4,"ix":5},"lc":1,"lj":1,"ml":10,"bm":0,"nm":"Stroke 1","mn":"ADBE Vector Graphic - Stroke","hd":false},{"ty":"tr","p":{"a":0,"k":[276.968,225.383],"ix":2},"a":{"a":0,"k":[0,0],"ix":1},"s":{"a":0,"k":[100,100],"ix":3},"r":{"a":0,"k":0,"ix":6},"o":{"a":0,"k":100,"ix":7},"sk":{"a":0,"k":0,"ix":4},"sa":{"a":0,"k":0,"ix":5},"nm":"Transform"}],"nm":"Group 6","np":2,"cix":2,"bm":0,"ix":6,"mn":"ADBE Vector Group","hd":false},{"ty":"gr","it":[{"ind":0,"ty":"sh","ix":1,"ks":{"a":0,"k":{"i":[[0,0],[0,0]],"o":[[0,0],[0,0]],"v":[[0,-8.943],[0.014,8.039]],"c":false},"ix":2},"nm":"Path 1","mn":"ADBE Vector Shape - Group","hd":false},{"ty":"st","c":{"a":0,"k":[1,1,1,1],"ix":3},"o":{"a":0,"k":100,"ix":4},"w":{"a":0,"k":4,"ix":5},"lc":1,"lj":1,"ml":10,"bm":0,"nm":"Stroke 1","mn":"ADBE Vector Graphic - Stroke","hd":false},{"ty":"tr","p":{"a":0,"k":[240.666,204.084],"ix":2},"a":{"a":0,"k":[0,0],"ix":1},"s":{"a":0,"k":[100,100],"ix":3},"r":{"a":0,"k":0,"ix":6},"o":{"a":0,"k":100,"ix":7},"sk":{"a":0,"k":0,"ix":4},"sa":{"a":0,"k":0,"ix":5},"nm":"Transform"}],"nm":"Group 7","np":2,"cix":2,"bm":0,"ix":7,"mn":"ADBE Vector Group","hd":false},{"ty":"gr","it":[{"ind":0,"ty":"sh","ix":1,"ks":{"a":0,"k":{"i":[[0,0],[0,0],[0,0]],"o":[[0,0],[0,0],[0,0]],"v":[[0.075,-8.416],[0.023,2.368],[0,8.943]],"c":false},"ix":2},"nm":"Path 1","mn":"ADBE Vector Shape - Group","hd":false},{"ty":"st","c":{"a":0,"k":[1,1,1,1],"ix":3},"o":{"a":0,"k":100,"ix":4},"w":{"a":0,"k":4,"ix":5},"lc":1,"lj":1,"ml":10,"bm":0,"nm":"Stroke 1","mn":"ADBE Vector Graphic - Stroke","hd":false},{"ty":"tr","p":{"a":0,"k":[240.666,288.28],"ix":2},"a":{"a":0,"k":[0,0],"ix":1},"s":{"a":0,"k":[100,100],"ix":3},"r":{"a":0,"k":0,"ix":6},"o":{"a":0,"k":100,"ix":7},"sk":{"a":0,"k":0,"ix":4},"sa":{"a":0,"k":0,"ix":5},"nm":"Transform"}],"nm":"Group 8","np":2,"cix":2,"bm":0,"ix":8,"mn":"ADBE Vector Group","hd":false},{"ty":"gr","it":[{"ty":"gr","it":[{"ty":"gr","it":[{"ind":0,"ty":"sh","ix":1,"ks":{"a":0,"k":{"i":[[3.038,0],[0,2.615],[0,0],[-3.038,0],[0,-2.615],[0,0]],"o":[[-3.038,0],[0,0],[0,-2.615],[3.038,0],[0,0],[0,2.615]],"v":[[0,12.267],[-5.5,7.532],[-5.489,-12.619],[0,-14.375],[5.5,-11.64],[5.5,7.532]],"c":true},"ix":2},"nm":"Path 1","mn":"ADBE Vector Shape - Group","hd":false},{"ty":"fl","c":{"a":0,"k":[1,1,1,1],"ix":4},"o":{"a":0,"k":100,"ix":5},"r":1,"bm":0,"nm":"Fill 1","mn":"ADBE Vector Graphic - Fill","hd":false},{"ty":"tr","p":{"a":0,"k":[0,0],"ix":2},"a":{"a":0,"k":[0,0],"ix":1},"s":{"a":0,"k":[100,100],"ix":3},"r":{"a":0,"k":0,"ix":6},"o":{"a":0,"k":100,"ix":7},"sk":{"a":0,"k":0,"ix":4},"sa":{"a":0,"k":0,"ix":5},"nm":"Transform"}],"nm":"Group 1","np":2,"cix":2,"bm":0,"ix":1,"mn":"ADBE Vector Group","hd":false},{"ty":"tr","p":{"a":0,"k":[240.666,304.017],"ix":2},"a":{"a":0,"k":[0,0],"ix":1},"s":{"a":0,"k":[100,100],"ix":3},"r":{"a":0,"k":0,"ix":6},"o":{"a":0,"k":100,"ix":7},"sk":{"a":0,"k":0,"ix":4},"sa":{"a":0,"k":0,"ix":5},"nm":"Transform"}],"nm":"Group 1","np":1,"cix":2,"bm":0,"ix":1,"mn":"ADBE Vector Group","hd":false},{"ty":"gr","it":[{"ty":"gr","it":[{"ind":0,"ty":"sh","ix":1,"ks":{"a":0,"k":{"i":[[-1.429,2.68],[-2.308,-1.23],[0,0],[1.429,-2.68],[2.308,1.23],[0,0]],"o":[[1.429,-2.68],[0,0],[2.308,1.23],[-1.429,2.68],[0,0],[-2.308,-1.23]],"v":[[-11.018,-5.592],[-7.782,-10.099],[11.506,0.185],[13.097,7.266],[6.331,9.892],[-12.958,-0.393]],"c":true},"ix":2},"nm":"Path 1","mn":"ADBE Vector Shape - Group","hd":false},{"ty":"fl","c":{"a":0,"k":[1,1,1,1],"ix":4},"o":{"a":0,"k":100,"ix":5},"r":1,"bm":0,"nm":"Fill 1","mn":"ADBE Vector Graphic - Fill","hd":false},{"ty":"tr","p":{"a":0,"k":[0,0],"ix":2},"a":{"a":0,"k":[0,0],"ix":1},"s":{"a":0,"k":[100,100],"ix":3},"r":{"a":0,"k":0,"ix":6},"o":{"a":0,"k":100,"ix":7},"sk":{"a":0,"k":0,"ix":4},"sa":{"a":0,"k":0,"ix":5},"nm":"Transform"}],"nm":"Group 1","np":2,"cix":2,"bm":0,"ix":1,"mn":"ADBE Vector Group","hd":false},{"ty":"tr","p":{"a":0,"k":[290.314,274.789],"ix":2},"a":{"a":0,"k":[0,0],"ix":1},"s":{"a":0,"k":[100,100],"ix":3},"r":{"a":0,"k":0,"ix":6},"o":{"a":0,"k":100,"ix":7},"sk":{"a":0,"k":0,"ix":4},"sa":{"a":0,"k":0,"ix":5},"nm":"Transform"}],"nm":"Group 2","np":1,"cix":2,"bm":0,"ix":2,"mn":"ADBE Vector Group","hd":false},{"ty":"gr","it":[{"ty":"gr","it":[{"ind":0,"ty":"sh","ix":1,"ks":{"a":0,"k":{"i":[[1.613,2.574],[-2.216,1.389],[0,0],[-1.613,-2.574],[2.216,-1.389],[0,0]],"o":[[-1.613,-2.574],[0,0],[2.216,-1.389],[1.613,2.574],[0,0],[-2.216,1.389]],"v":[[-10.503,6.341],[-12.801,1.29],[5.72,-10.319],[12.653,-8.174],[11.562,-0.999],[-6.959,10.611]],"c":true},"ix":2},"nm":"Path 1","mn":"ADBE Vector Shape - Group","hd":false},{"ty":"fl","c":{"a":0,"k":[1,1,1,1],"ix":4},"o":{"a":0,"k":100,"ix":5},"r":1,"bm":0,"nm":"Fill 1","mn":"ADBE Vector Graphic - Fill","hd":false},{"ty":"tr","p":{"a":0,"k":[0,0],"ix":2},"a":{"a":0,"k":[0,0],"ix":1},"s":{"a":0,"k":[100,100],"ix":3},"r":{"a":0,"k":0,"ix":6},"o":{"a":0,"k":100,"ix":7},"sk":{"a":0,"k":0,"ix":4},"sa":{"a":0,"k":0,"ix":5},"nm":"Transform"}],"nm":"Group 1","np":2,"cix":2,"bm":0,"ix":1,"mn":"ADBE Vector Group","hd":false},{"ty":"tr","p":{"a":0,"k":[289.924,217.978],"ix":2},"a":{"a":0,"k":[0,0],"ix":1},"s":{"a":0,"k":[100,100],"ix":3},"r":{"a":0,"k":0,"ix":6},"o":{"a":0,"k":100,"ix":7},"sk":{"a":0,"k":0,"ix":4},"sa":{"a":0,"k":0,"ix":5},"nm":"Transform"}],"nm":"Group 3","np":1,"cix":2,"bm":0,"ix":3,"mn":"ADBE Vector Group","hd":false},{"ty":"gr","it":[{"ty":"gr","it":[{"ind":0,"ty":"sh","ix":1,"ks":{"a":0,"k":{"i":[[3.038,0],[0,2.615],[0,0],[-3.038,0],[0,-2.615],[0,0]],"o":[[-3.038,0],[0,0],[0,-2.615],[3.038,0],[0,0],[0,2.615]],"v":[[0,13.337],[-5.5,12.603],[-5.5,-9.257],[0,-13.992],[5.5,-9.257],[5.5,12.603]],"c":true},"ix":2},"nm":"Path 1","mn":"ADBE Vector Shape - Group","hd":false},{"ty":"fl","c":{"a":0,"k":[1,1,1,1],"ix":4},"o":{"a":0,"k":100,"ix":5},"r":1,"bm":0,"nm":"Fill 1","mn":"ADBE Vector Graphic - Fill","hd":false},{"ty":"tr","p":{"a":0,"k":[0,0],"ix":2},"a":{"a":0,"k":[0,0],"ix":1},"s":{"a":0,"k":[100,100],"ix":3},"r":{"a":0,"k":0,"ix":6},"o":{"a":0,"k":100,"ix":7},"sk":{"a":0,"k":0,"ix":4},"sa":{"a":0,"k":0,"ix":5},"nm":"Transform"}],"nm":"Group 1","np":2,"cix":2,"bm":0,"ix":1,"mn":"ADBE Vector Group","hd":false},{"ty":"tr","p":{"a":0,"k":[240.666,188.163],"ix":2},"a":{"a":0,"k":[0,0],"ix":1},"s":{"a":0,"k":[100,100],"ix":3},"r":{"a":0,"k":0,"ix":6},"o":{"a":0,"k":100,"ix":7},"sk":{"a":0,"k":0,"ix":4},"sa":{"a":0,"k":0,"ix":5},"nm":"Transform"}],"nm":"Group 4","np":1,"cix":2,"bm":0,"ix":4,"mn":"ADBE Vector Group","hd":false},{"ty":"tr","p":{"a":0,"k":[240.666,188.163],"ix":2},"a":{"a":0,"k":[240.666,188.163],"ix":1},"s":{"a":0,"k":[100,100],"ix":3},"r":{"a":0,"k":0,"ix":6},"o":{"a":0,"k":100,"ix":7},"sk":{"a":0,"k":0,"ix":4},"sa":{"a":0,"k":0,"ix":5},"nm":"Transform"}],"nm":"Group 9","np":4,"cix":2,"bm":0,"ix":9,"mn":"ADBE Vector Group","hd":false},{"ty":"tr","p":{"a":0,"k":[240.666,188.163],"ix":2},"a":{"a":0,"k":[240.666,188.163],"ix":1},"s":{"a":0,"k":[100,100],"ix":3},"r":{"a":0,"k":0,"ix":6},"o":{"a":0,"k":100,"ix":7},"sk":{"a":0,"k":0,"ix":4},"sa":{"a":0,"k":0,"ix":5},"nm":"Transform"}],"nm":"Group 2","np":9,"cix":2,"bm":0,"ix":2,"mn":"ADBE Vector Group","hd":false},{"ty":"tm","s":{"a":1,"k":[{"i":{"x":[0.47],"y":[1]},"o":{"x":[0.53],"y":[0]},"t":28,"s":[50]},{"t":37,"s":[0]}],"ix":1},"e":{"a":1,"k":[{"i":{"x":[0.47],"y":[1]},"o":{"x":[0.53],"y":[0]},"t":28,"s":[50]},{"t":37,"s":[100]}],"ix":2},"o":{"a":0,"k":0,"ix":3},"m":1,"ix":3,"nm":"Trim Paths 1","mn":"ADBE Vector Filter - Trim","hd":false}],"ip":0,"op":150,"st":0,"bm":0},{"ddd":0,"ind":3,"ty":4,"nm":"Layer 2","parent":5,"sr":1,"ks":{"o":{"a":0,"k":100,"ix":11},"r":{"a":1,"k":[{"i":{"x":[0.47],"y":[1]},"o":{"x":[0.53],"y":[0]},"t":40,"s":[0]},{"i":{"x":[0.47],"y":[1]},"o":{"x":[0.53],"y":[0]},"t":86,"s":[360]},{"t":130,"s":[0]}],"ix":10},"p":{"a":0,"k":[-36.509,-5.107,0],"ix":2},"a":{"a":0,"k":[240.125,247.625,0],"ix":1},"s":{"a":0,"k":[96.341,96.341,100],"ix":6}},"ao":0,"shapes":[{"ty":"gr","it":[{"ind":0,"ty":"sh","ix":1,"ks":{"a":0,"k":{"i":[[24.36,0],[0,24.36],[-24.39,0],[0,-24.39]],"o":[[-24.39,0],[0,-24.39],[24.36,0],[0,24.36]],"v":[[0.015,44.125],[-44.125,0.015],[0.015,-44.125],[44.125,0.015]],"c":true},"ix":2},"nm":"Path 1","mn":"ADBE Vector Shape - Group","hd":false},{"ind":1,"ty":"sh","ix":2,"ks":{"a":0,"k":{"i":[[26.57,0],[0,-26.6],[-26.58,0],[0,26.57]],"o":[[-26.58,0],[0,26.57],[26.57,0],[0,-26.6]],"v":[[0.015,-48.125],[-48.125,0.015],[0.015,48.125],[48.125,0.015]],"c":true},"ix":2},"nm":"Path 2","mn":"ADBE Vector Shape - Group","hd":false},{"ty":"fl","c":{"a":0,"k":[1,1,1,1],"ix":4},"o":{"a":0,"k":100,"ix":5},"r":1,"bm":0,"nm":"Fill 1","mn":"ADBE Vector Graphic - Fill","hd":false},{"ty":"tr","p":{"a":0,"k":[240.125,247.625],"ix":2},"a":{"a":0,"k":[0,0],"ix":1},"s":{"a":1,"k":[{"i":{"x":[0.47,0.47],"y":[1,1]},"o":{"x":[0.53,0.53],"y":[0,0]},"t":10,"s":[0,0]},{"t":19,"s":[100,100]}],"ix":3},"r":{"a":0,"k":0,"ix":6},"o":{"a":0,"k":100,"ix":7},"sk":{"a":0,"k":0,"ix":4},"sa":{"a":0,"k":0,"ix":5},"nm":"Transform"}],"nm":"Group 1","np":3,"cix":2,"bm":0,"ix":1,"mn":"ADBE Vector Group","hd":false},{"ty":"gr","it":[{"ind":0,"ty":"sh","ix":1,"ks":{"a":0,"k":{"i":[[8.29,0],[0,8.29],[-8.3,0],[0,-8.3]],"o":[[-8.3,0],[0,-8.3],[8.29,0],[0,8.29]],"v":[[0.005,15.015],[-15.015,0.005],[0.005,-15.015],[15.015,0.005]],"c":true},"ix":2},"nm":"Path 1","mn":"ADBE Vector Shape - Group","hd":false},{"ind":1,"ty":"sh","ix":2,"ks":{"a":0,"k":{"i":[[10.61,0],[0,-10.62],[-10.61,0],[0,10.61]],"o":[[-10.61,0],[0,10.61],[10.61,0],[0,-10.62]],"v":[[0.005,-19.215],[-19.215,0.005],[0.005,19.215],[19.215,0.005]],"c":true},"ix":2},"nm":"Path 2","mn":"ADBE Vector Shape - Group","hd":false},{"ty":"fl","c":{"a":0,"k":[1,1,1,1],"ix":4},"o":{"a":0,"k":100,"ix":5},"r":1,"bm":0,"nm":"Fill 1","mn":"ADBE Vector Graphic - Fill","hd":false},{"ty":"tr","p":{"a":0,"k":[240.125,247.625],"ix":2},"a":{"a":0,"k":[0,0],"ix":1},"s":{"a":1,"k":[{"i":{"x":[0.47,0.47],"y":[1,1]},"o":{"x":[0.53,0.53],"y":[0,0]},"t":19,"s":[0,0]},{"t":24,"s":[100,100]}],"ix":3},"r":{"a":0,"k":0,"ix":6},"o":{"a":0,"k":100,"ix":7},"sk":{"a":0,"k":0,"ix":4},"sa":{"a":0,"k":0,"ix":5},"nm":"Transform"}],"nm":"Group 2","np":3,"cix":2,"bm":0,"ix":2,"mn":"ADBE Vector Group","hd":false}],"ip":0,"op":150,"st":0,"bm":0},{"ddd":0,"ind":4,"ty":4,"nm":"Layer 1","parent":5,"sr":1,"ks":{"o":{"a":0,"k":100,"ix":11},"r":{"a":0,"k":0,"ix":10},"p":{"a":0,"k":[-41.312,-8.938,0],"ix":2},"a":{"a":0,"k":[235.688,247.062,0],"ix":1},"s":{"a":0,"k":[100,100,100],"ix":6}},"ao":0,"shapes":[{"ty":"gr","it":[{"ind":0,"ty":"sh","ix":1,"ks":{"a":0,"k":{"i":[[2.647,0],[0,0],[0,2.647],[0,0],[-2.647,0],[0,0],[0,-2.647],[0,0]],"o":[[0,0],[-2.647,0],[0,0],[0,-2.647],[0,0],[2.647,0],[0,0],[0,2.647]],"v":[[9,9.562],[-9,9.562],[-13.812,4.75],[-13.812,-4.75],[-9,-9.562],[9,-9.562],[13.812,-4.75],[13.812,4.75]],"c":true},"ix":2},"nm":"Path 1","mn":"ADBE Vector Shape - Group","hd":false},{"ty":"st","c":{"a":0,"k":[0,0,0,1],"ix":3},"o":{"a":0,"k":100,"ix":4},"w":{"a":0,"k":2,"ix":5},"lc":1,"lj":1,"ml":10,"bm":0,"nm":"Stroke 1","mn":"ADBE Vector Graphic - Stroke","hd":false},{"ty":"fl","c":{"a":0,"k":[1,1,1,1],"ix":4},"o":{"a":0,"k":100,"ix":5},"r":1,"bm":0,"nm":"Fill 1","mn":"ADBE Vector Graphic - Fill","hd":false},{"ty":"tr","p":{"a":0,"k":[166.178,246.218],"ix":2},"a":{"a":0,"k":[14.024,-1.22],"ix":1},"s":{"a":1,"k":[{"i":{"x":[0.47,0.47],"y":[1,1]},"o":{"x":[0.53,0.53],"y":[0,0]},"t":10,"s":[0,100]},{"t":13,"s":[100,100]}],"ix":3},"r":{"a":0,"k":0,"ix":6},"o":{"a":0,"k":100,"ix":7},"sk":{"a":0,"k":0,"ix":4},"sa":{"a":0,"k":0,"ix":5},"nm":"Transform"}],"nm":"Group 1","np":3,"cix":2,"bm":0,"ix":1,"mn":"ADBE Vector Group","hd":false},{"ty":"gr","it":[{"ind":0,"ty":"sh","ix":1,"ks":{"a":0,"k":{"i":[[24.234,0],[0,0],[0,24.234],[0,0],[-24.234,0],[0,0],[0,-24.234],[0,0]],"o":[[0,0],[-24.234,0],[0,0],[0,-24.234],[0,0],[24.234,0],[0,0],[0,24.234]],"v":[[45.937,88.688],[-45.938,88.688],[-90,44.625],[-90,-44.625],[-45.938,-88.688],[45.937,-88.688],[90,-44.625],[90,44.625]],"c":true},"ix":2},"nm":"Path 1","mn":"ADBE Vector Shape - Group","hd":false},{"ty":"fl","c":{"a":0,"k":[0,0,0,1],"ix":4},"o":{"a":0,"k":100,"ix":5},"r":1,"bm":0,"nm":"Fill 1","mn":"ADBE Vector Graphic - Fill","hd":false},{"ty":"tr","p":{"a":0,"k":[239.375,247.062],"ix":2},"a":{"a":0,"k":[0,0],"ix":1},"s":{"a":1,"k":[{"i":{"x":[0.47,0.47],"y":[1,1]},"o":{"x":[0.53,0.53],"y":[0,0]},"t":0,"s":[0,0]},{"i":{"x":[0.47,0.47],"y":[1,1]},"o":{"x":[0.53,0.53],"y":[0,0]},"t":8,"s":[108,108]},{"t":13,"s":[100,100]}],"ix":3},"r":{"a":0,"k":0,"ix":6},"o":{"a":0,"k":100,"ix":7},"sk":{"a":0,"k":0,"ix":4},"sa":{"a":0,"k":0,"ix":5},"nm":"Transform"}],"nm":"Group 2","np":2,"cix":2,"bm":0,"ix":2,"mn":"ADBE Vector Group","hd":false}],"ip":0,"op":150,"st":0,"bm":0},{"ddd":0,"ind":5,"ty":3,"nm":"Null 1","sr":1,"ks":{"o":{"a":0,"k":0,"ix":11},"r":{"a":0,"k":0,"ix":10},"p":{"a":0,"k":[300,256,0],"ix":2},"a":{"a":0,"k":[0,0,0],"ix":1},"s":{"a":1,"k":[{"i":{"x":[0.47,0.47,0.47],"y":[1,1,1]},"o":{"x":[0.53,0.53,0.53],"y":[0,0,0]},"t":130,"s":[164,164,100]},{"i":{"x":[0.47,0.47,0.47],"y":[1,1,1]},"o":{"x":[0.53,0.53,0.53],"y":[0,0,0]},"t":140,"s":[173,173,100]},{"t":146,"s":[0,0,100]}],"ix":6}},"ao":0,"ip":0,"op":150,"st":0,"bm":0}],"markers":[]}